酒, 富特尼 領航者單一麥芽蘇格蘭威士忌
酒, 蘇格登 大師精選歐版
酒, 蘇格登 大師精選
酒, 蘇格登 12年雪莉桶
酒, 蘇格登 權力遊戲威士忌
酒, 蘇格登 38年
酒, 蘇格登 42年
酒, 蘇格登 41年
酒, 蘇格登 21年
酒, 蘇格登 18年歐版
酒, 2019臻選系列 蘇格登18年
酒, 蘇格登 18年
酒, 蘇格登 15年
酒, 蘇格登 15年歐版
酒, 蘇格登 12年歐版
酒, 蘇格登 12年
酒, 玉尊峰頂台灣威士忌 第15屆總統就職紀念酒
酒, 艾倫 18年
酒, 艾倫 10年
酒, 艾倫 第四版強度原酒威士忌
酒, 帝王25年
酒, 巴素海頓 波本威士忌
酒, 慕赫2.81 18年威士忌
酒, 麥卡倫 TERRA赤木
酒, 麥卡倫 LUMINA絢綠
酒, NIKKA DAYS 調和威士忌
酒, 班瑞克 2009#2011 10年單一桶原酒威士忌
酒, 帝王 白牌威士忌
酒, 帝王12年
酒, 慕赫2.81 15年權力遊戲特別版
酒, 布納哈本 40年
酒, 坦杜 50年水晶珍稀雪莉桶原酒威士忌
酒, 約翰走路 黑牌12年 斯貝賽原創精選(紫)
酒, 約翰走路 黑牌12年 低地區原創精選(綠)
酒, 格蘭利威 15年雪莉桶單一麥芽威士忌
酒, 帝王18年
酒, 富特尼 25Y(新版)
酒, 班瑞克 2009#2013 10年單一桶原酒威士忌
酒, 巴特 裸麥波本威士忌
酒, 巴特 波本威士忌
酒, 約翰走路 藍牌 馬年台灣限定版
酒, 約翰走路 藍牌 金雞台灣限定版
酒, 約翰走路 藍牌 狗年台灣限定版
酒, 約翰走路 藍牌 豬年限定版
酒, 裸雀 初次雪莉桶 蘇格蘭威士忌
酒, 格蘭多納 單一桶原酒1992 #184(26Y)
酒, 格蘭多納 單一桶原酒1993 #5855(25Y)
酒, 老酋長1996(23Y)福豬限量版珍藏原酒
酒, 老酋長1989(30Y)福豬限量版珍藏原酒
酒, 老酋長1981(38Y)福豬限量版珍藏原酒
酒, 汀斯頓 PALO CORTADO 雪莉桶1997
酒, 皇家禮炮 62禮讚
酒, 克萊根摩 12年小批次原酒(DIAGEO臻選系列)
酒, 布萊迪 奧特摩 7.2 蘇格蘭大麥 * 絕版
酒, 樂加維林 12年原酒(DIAGEO臻選系列)
酒, 達爾維尼 30年原酒(DIAGEO臻選系列)
酒, 慕赫2.81 26年單桶原酒(DIAGEO臻選系列)* 限量版
酒, 大力斯可 15年原酒(DIAGEO臻選系列)
酒, 大力斯可 2018酒廠限量版
酒, 齊侯門 VINTAGE 2010 * 限量品
酒, 齊侯門 100% ISLAY 第九版 * 限量品
酒, 高原騎士 21年(2019限量品)
酒, 布萊迪 奧特摩 10.3 蘇格蘭大麥
酒, 布萊迪 奧特摩 10.1 蘇格蘭大麥
酒, 坎伯斯 40年穀物威士忌
酒, 林肯伍德 37年
酒, 格蘭哥尼 巴貝納威士忌
酒, 亞伯樂 16年
酒, 克里尼基 權力遊戲威士忌
酒, OMAR 原桶強度(PX雪莉桶)(一套四瓶-屈原酒歌山鬼圖.湘君.三千院四季圖.蕉蔭美女)
酒, 帝王15年
酒, OMAR 豐收NO.1 單一麥芽威士忌
酒, 魁列奇17年單一麥芽蘇格蘭威士忌
酒, 皇家柏克萊 12年單一麥芽蘇格蘭威士忌
酒, 皇家禮炮 21年絕版品
酒, 布什米爾 原創愛爾蘭威士忌
酒, 金賓(大)波本威士忌 1750ML
酒, 美國 肯塔基 諾亞工坊 波本威士忌
酒, 美國 歐佛斯特特色100波本威士忌
酒, 渥福 精醇 雙桶威士忌
酒, 美國 F.E.W RYE 精選威士忌
酒, 美國 F.E.W BOURBON 精選威士忌
酒, 仕高利達 12年
酒, BRORA 40年限量原酒
酒, 百富故事系列NO.3 26年深烘焙
酒, 格蘭格拉索 單一桶原酒#1978 36YO
酒, 三隻猴子 100%麥芽威士忌雙入禮盒(附迷你酒)
酒, 布什米爾 12年瑪薩拉紅酒桶愛爾蘭威士忌
酒, 布什米爾 黑樽愛爾蘭威士忌
酒, 班尼富 10年原酒威士忌(第一批次限量版)
酒, 齊侯門 2019 MEET THE PEAT 巡迴限定版**限量版 單一麥芽蘇格蘭威士忌
酒, 皇家柏克萊 16年單一麥芽蘇格蘭威士忌
酒, 魁列奇13年單一麥芽蘇格蘭威士忌
酒, 坦杜 15年雪莉桶單一麥芽威士忌
酒, 坦杜 15年雪莉桶原酒(台灣限定版)
酒, 托本莫瑞 12年單一麥芽蘇格蘭威士忌
酒, 美國 玫瑰特產威士忌
酒, 噶瑪蘭 尊典金車40週年紀念酒(附杯子)
酒, 麥卡倫 純麥1824(藍色)
酒, 約翰走路 15年雪莉桶風味蘇格蘭威士忌
酒, 拉弗格 珞爾單一麥芽蘇格蘭威士忌
酒, 波摩艾雷 一號窖藏絕版品
酒, 布萊迪 經典萊迪蘇格蘭大麥#0312
酒, 布納哈本 托奇亞威士忌
酒, 布納哈本 日出威士忌
酒, 達爾維尼 2017年酒廠限定版
酒, 大摩 輝煌
酒, 起瓦士18年蘇格蘭威士忌
酒, 雅柏 SUPERNOVA 2019
酒, 雅柏 海妖
酒, 歐肯特軒 31年1987雪莉單桶(臺灣限定版)
酒, 歐肯特軒 22年1990原酒
酒, 歐肯特軒 全新處女桶
酒, 亞伯樂 三桶威士忌
酒, 艾柏迪 16年
酒, 麥卡倫 雙桶12年雙入禮盒
酒, 禮盒109年 裸雀雙重初次雪莉桶(附小樣酒)蘇格蘭威士忌
酒, 禮盒109年 格蘭利威15年(附迷你酒+杯子)
酒, 禮盒109年 格蘭利威13年雪莉桶(附雙杯)
酒, 禮盒109年 百富12年(附迷你酒+杯子)
酒, 禮盒109年 約翰走路 金牌珍藏
酒, 約翰走路 藍牌 鼠年限定版
酒, 禮盒109年 格蘭菲迪15年(附迷你酒+杯子)
酒, 禮盒109年 格蘭菲迪18年(附迷你酒+杯子)
酒, 野火雞 81 波本威士忌11/12
酒, 皇家禮炮 38年
酒, 拉弗格 28年
酒, 約翰走路 藍牌 幽靈#第三版
酒, 約翰走路 藍牌 幽靈#第二版
酒, 傑克丹尼爾 NO.27醇金版田納西威士忌
酒, 傑克丹尼爾 精選單桶田納西威士忌
酒, 格蘭多納 10年波特桶
酒, 布納哈本 VINTAGE1980卡納斯塔雪莉桶(非冷凝過濾)
酒, 波摩艾雷 18年PX雪莉桶
酒, 波摩艾雷 15年
酒, 亞伯樂 首選原桶 #65桶
酒, 亞伯樂 首選原桶 #63桶
酒, 約翰走路 藍牌麒麟限定版
酒, 齊侯門KILCHOMAN 2011#697單一雪莉桶裝麥芽
酒, 齊侯門KILCHOMAN 2011#453單一雪莉桶裝麥芽
酒, 齊侯門 VINTAGE 2009
酒, 齊侯門 SAUTERNES CASK FINISH
酒, 齊侯門 STR#2019 (限量)
酒, 齊侯門 波本桶原酒#752
酒, 齊侯門 SANAIG
酒, 齊侯門 OLOROSO SHERRY FINISH 單桶2011#714
酒, 齊侯門 MACHIR BAY 2015版
酒, 齊侯門 LOCH GORM
酒, 齊侯門 100% ISLAY 艾雷島
酒, 麥卡倫 黃金三桶30年
酒, 麥卡倫 黃金三桶21年
酒, 麥卡倫 黃金三桶17年
酒, 麥卡倫 黃金三桶25年
酒, 麥卡倫 經典雪莉桶25年(舊版)
酒, 麥卡倫 REFLEXION絢麗
酒, 麥卡倫 紫鑽12年
酒, 麥卡倫 奢想湛黑
酒, 麥卡倫 EDITION NO.4
酒, 麥卡倫 EDITION NO.3
酒, 麥卡倫 CLASSIC CUT
酒, 麥卡倫 雪莉桶25年(2018新包裝)
酒, 麥卡倫 雪莉桶30年(2018新包裝)
酒, 麥卡倫 雪莉桶30年(藍標木盒)
酒, 麥卡倫 黃金三桶18年
酒, 麥卡倫 雪莉桶18年(2018年份精裝版)
酒, 麥卡倫 奢想NO.2
酒, 麥卡倫 奢想NO.3
酒, 麥卡倫 奧斯庫羅
酒, 麥卡倫 黃金三桶15年(雷射標NO.2)
酒, 麥卡倫 EDITION NO.1
酒, 麥卡倫 AERA御黑
酒, 麥卡倫 ENIGMA湛藍
酒, 麥卡倫 雪莉桶12年(新包裝)
酒, 高原騎士 勇士系列 號角
酒, 高原騎士 勇士系列 盾牌
酒, 高原騎士 勇士系列 斧頭
酒, 高原騎士 勇士系列 寶劍
酒, 高原騎士 DARK ORIGIN
酒, 高原騎士 40年
酒, 高原騎士 30年
酒, 高原騎士 25年
酒, 高原騎士 21年
酒, 高原騎士 萊夫 艾利森
酒, 高原騎士 英靈之父
酒, 高原騎士 洛基
酒, 高原騎士 奧汀
酒, 高原騎士 THE LIGHT 17年
酒, 高原騎士 THE DARK 17 年
酒, 高原騎士 台灣限定單桶(2003-2019)
酒, 高原騎士 ICE 17年
酒, 高原騎士 FIRE 15年
酒, 高原騎士 FULL VOLUME
酒, 雲頂25年頂級單一威士忌
酒, 雅沐特 融合單一麥芽威士忌
酒, 雲頂15年 頂級單一威士忌*缺-預計5月
酒, 雅沐特 泥媒單一麥芽威士忌
酒, 雅沐特 波本桶單一麥芽威士忌
酒, 雅柏艾雷 黑暗神祕之地
酒, 雅柏 ANOA原酒
酒, 陀崙特1988限量原桶#523
酒, 陀崙特1987限量原桶#644
酒, 陀崙特1987限量原桶#563
酒, 野火雞101波本威士忌
酒, 酷狗 蘇格蘭威士忌
酒, 達爾維尼單一麥芽威士忌15年**缺-預計10月份
酒, 達爾維尼25年#2015年版 1989原酒
酒, 費特肯28年
酒, 費特肯12年
酒, 老酋長2015吉羊如意限量版1975威士忌原酒
酒, 裸雀 雙重初次雪莉桶
酒, 英國 里爵18年 特別版(木盒) (非冷凝過濾)
酒, 薛克頓 南極冰封麥芽蘇格蘭威士忌
酒, 英國 道格拉斯蘭恩裝瓶精選 泥煤哥 麥芽調和威士煤
酒, 老伯12年(1L)
酒, 紳藍經典
酒, 紳藍12年
酒, 約翰走路 藍牌蘇格蘭威士忌
酒, 約翰走路 綠牌15年蘇格蘭威士忌
酒, 約翰走路 首席私藏精選NO.9(重烘培咖啡風味桶)
酒, 約翰走路 ODYSSEY尊酩威士忌
酒, 約翰走路 藍牌 喬治五世紀念版
酒, 約翰走路 首席私藏精選NO.8(加勒比海蘭姆酒桶風味桶)
酒, 約翰走路 金牌珍藏
酒, 約翰走路 蘇格蘭威士忌 香甜泥煤風味限定版
酒, 約翰走路 藍牌原酒(青花瓷瓶)
酒, 約翰走路 藍牌TOM DIXON設計版
酒, 約翰走路 私人珍藏28年蘇格蘭威士忌
酒, 約翰走路 波本裸麥雙桶蘇格蘭威士忌
酒, 約翰走路 藍牌 四大發明限定版
酒, 皇家藍勳 ROYAL LOCHNAGAR 36年
酒, 皇冠 蘇格蘭調和威士忌
酒, 百富 1858(第二版)
酒, 白州 25年單一純麥
酒, 班瑞克 泥煤桶裝強度原酒威士忌第二版
酒, 班瑞克 泥煤桶裝強度原酒威士忌第一版
酒, 班瑞克 桶裝強度原酒威士忌第二版
酒, 班瑞克 25年
酒, 班瑞克 21年泥煤
酒, 班瑞克 21年
酒, 班瑞克 12年雪莉桶
酒, 班瑞克 10年泥煤
酒, 汀斯頓 2008白蘭地桶
酒, 汀士頓1785傳承雪莉桶二次陳釀
酒, 汀士頓 18年初次波本桶 (非冷凝過濾)
酒, 歐肯特軒 三桶威士忌
酒, 歐肯特軒 21年
酒, 歐本 14年高地
酒, 樂加維林 8年(酒廠200週年紀念版)
酒, 樂加維林 16年純麥威士忌
酒, 樂加維林 8年威士忌
酒, 樂加維林 12年原酒(2018)
酒, 格蘭路思WHISKY MAKERS CUT
酒, 格蘭路思 25年
酒, 格蘭菲迪30年
酒, 格蘭菲迪26年
酒, 格蘭菲迪40年
酒, 格蘭菲迪25年威士忌
酒, 格蘭菲迪 15年酒廠限定版(１公升)
酒, 格蘭菲迪12年(1公升)
酒, 格蘭菲迪 130週年台灣限定版 雪莉原酒桶
酒, 格蘭花格 40年(紅木盒)
酒, 格蘭花格 30年
酒, 格蘭花格 40年
酒, 格蘭花格 25年
酒, 格蘭花格 21年
酒, 格蘭花格 17年
酒, 格蘭花格 18年
酒, 格蘭花格 12年
酒, 格蘭花格 105原酒8年臺灣版
酒, 格蘭花格 105原酒
酒, 格蘭花格 105原酒22年
酒, 格蘭花格 2003
酒, 格蘭花格 2005
酒, 格蘭格拉索 泥煤VIRGIN OAK 風味桶#3012
酒, 格蘭格拉索 單一桶原酒1976 #3170
酒, 格蘭格拉索 單一桶原酒1975 #3171
酒, 格蘭格拉索 單一桶原酒1973 #761
酒, 格蘭格拉索 單一桶原酒1974 #1282/1
酒, 格蘭格拉索 單一桶原酒#1978 35YO
酒, 格蘭格拉索 單一桶 原酒#1973 41YO
酒, 格蘭格拉索 TORFA
酒, 格蘭格拉索 PORTWOOD#3005 風味桶
酒, 格蘭格拉索 MARSALA#6020單一桶原酒2010 /7年
酒, 格蘭格拉索 PEDRO XIMENEZ#3043 雪莉風味桶
酒, 格蘭德弗倫 20年
酒, 格蘭帝 單一桶原酒 2006#489 麥芽
酒, 格蘭帝 單一原桶 2007#360 麥芽
酒, 格蘭帝 單一桶原酒 2001#40 麥芽
酒, 格蘭帝 單一桶原酒 2005#149 麥芽
酒, 格蘭帝 VICTORIANA
酒, 格蘭帝 DOUBLE CASK雙桶
酒, 格蘭帝 18年
酒, 格蘭帝 15年
酒, 格蘭多納THE DORIC
酒, 格蘭多納 泥煤波特風味桶
酒, 格蘭多納 單一桶原酒1990年 SC#7896 27年
酒, 格蘭哥尼 原酒單一麥芽蘇格蘭威士忌
酒, 格蘭多納 16年白金(絕版品)
酒, 格蘭哥尼 傳奇系列#第一章
酒, 格蘭多納 PEATED
酒, 格蘭多納 單一桶原酒 2007年
酒, 格蘭哥尼 30年限量版
酒, 格蘭哥尼 25年(雪莉桶)
酒, 格蘭哥尼 21年(雪莉桶)
酒, 格蘭哥尼 12年 原酒
酒, 格蘭哥尼 12年(雙桶) 蘇格蘭威士忌
酒, 格蘭哥尼 18年 雪莉新桶純麥威士忌
酒, 格蘭利威 創者臻藏單一麥芽威士忌 
酒, 格蘭利威 25年單一麥芽威士忌
酒, 格蘭利威 21年單一麥芽威士忌
酒, 格蘭利威 NADURRA初次雪莉桶原酒
酒, 格蘭利威 NADURRA初次美國白橡木桶原酒
酒, 格蘭傑 稀印純麥威士忌
酒, 格蘭傑 SPIOS
酒, 格蘭利威 CODE單一麥芽威士忌
酒, 格蘭傑 30年
酒, 格蘭傑 25年
酒, 格蘭傑 12年蘇玳桶威士忌
酒, 格蘭傑 18年
酒, 格蘭傑 12年波特桶威士忌
酒, 格蘭傑 GRAND VINTAGE MALT 1990限量珍藏
酒, 格蘭8年
酒, 格蘭傑 1989
酒, 格蘭18年
酒, 格文 NO.4 APPS 單一穀物
酒, 曼洛克摩25年
酒, 拉弗格10年威士忌
酒, 拉弗格1/4桶精釀
酒, 拉弗格 艾雷島限定版
酒, 拉弗格 特選桶
酒, 拉弗格 25年
酒, 拉弗格 30年
酒, 慕赫特別版
酒, 慕赫2.81 32年單桶原酒
酒, 慕赫2.81 20年
酒, 慕赫 25年
酒, 布萊迪27年 DNA4
酒, 布萊迪 黑色藝術6.1版1990/26年
酒, 布萊迪 萊迪22年
酒, 布萊迪 波夏艾雷島大麥
酒, 布萊迪 波夏2011艾雷島大麥
酒, 布萊迪 波夏10年
酒, 布萊迪 奧特摩8.4蘇格蘭大麥
酒, 布萊迪 奧特摩10年#6604
酒, 布萊迪 奧特摩7.3艾雷島大麥
酒, 布萊迪 奧特摩8.1蘇格蘭大麥
酒, 布萊迪 1986/30年
酒, 布萊迪 1985/32年
酒, 布萊迪 1984/32年
酒, 布納哈本 18年
酒, 巴布萊爾 1996#008單一桶原酒
酒, 富特尼 HUDDART 威士忌
酒, 富特尼 25年
酒, 富特尼 1990
酒, 富特尼 18年
酒, 富特尼 15年
酒, 富特尼 1983年
酒, 富特尼 12年 (2019新包裝)
酒, 威姆斯 皮革帳本
酒, 奇富23年 BATCH NO. 3
酒, 大雲34年威士忌 蒸餾1980 裝瓶2015
酒, 大摩45年
酒, 大摩35年
酒, 大摩40年
酒, 大摩25年
酒, 大摩20年
酒, 大摩 極尊波特桶
酒, 大力斯可 25年
酒, 大力斯可 40年
酒, 大力斯可 波特
酒, 大力斯可 57°NORTH
酒, 大力斯可 風暴
酒, 大力斯可 30年
酒, 大力斯可 18年
酒, 塔木嶺 雙桶威士忌
酒, 坦杜 批次NO.1~3原酒珍藏禮盒
酒, 坦杜 12年雪莉桶
酒, 吉拉 ONE FOR YOU 限量版
酒, 吉拉 18年
酒, 吉拉 12年
酒, 卡爾里拉 17年限量版
酒, 卡爾里拉 25年
酒, 卡爾里拉 15年原酒
酒, 卡爾里拉 35年原酒
酒, 卡爾里拉 18年限量版原酒
酒, 卡爾里拉 12年
酒, 加拿大會所威士忌
酒, 克里尼基 14年
酒, 克萊根摩 雙桶威士忌
酒, 克萊根摩 12年
酒, 克萊根摩 25年限量原酒
酒, 三得利 響 21年威士忌
酒, OMAR 波本花香(200ML)
酒, OMAR 雪利果乾(200ML)
酒, 2016 酒藏私藏 花之物語系列限量組
酒, 卡爾里拉 MOCH
酒, 齊侯門 單一雪莉桶裝麥芽蘇格蘭威士忌
酒, 麥卡倫 純麥1824(紅色)
酒, 麥卡倫 雪莉桶18年(2017年份精裝版)
酒, 麥卡倫 雙桶12年
酒, 麥卡倫 CONCEPT NO.1
酒, 麥卡倫 奢想NO.1
酒, 高原騎士 戰神
酒, 高原騎士 18年
酒, 高原騎士 女武神
酒, 飛鷹 蘇格蘭威士忌
酒, 高原騎士 12年
酒, 高原騎士 TWISTED TATTOO 16年
酒, 響威士忌
酒, 雅沐特 紫金單一麥芽威士忌
酒, 雅柏 鱷魚
酒, 雅柏 漩渦
酒, 雅柏艾雷 10年
酒, 雅柏 DRUM
酒, 金賓白牌波本威士忌
酒, 金賓(大師精選)12年美國波本威士忌
酒, 金賓(魔鬼珍藏)美國波本威士忌
酒, 金賓(蜂蜜)美國波本威士忌
酒, 起瓦士12年蘇格蘭威士忌
酒, 藏威士忌
酒, 英國 道格拉斯蘭恩裝瓶精選 黃金鼠 麥芽調和威士煤
酒, 英國 道格拉斯蘭恩裝瓶精選 牡蠣岩 麥芽調和威士忌
酒, 英國 道格拉斯蘭恩裝瓶精選 淘氣鬼斯佩塞 麥芽調和威士忌
酒, 英國 道格拉斯蘭恩裝瓶精選 大玩家 麥芽調和威士忌
酒, 英國 道格拉斯蘭恩裝瓶精選 泥煤哥 (聖誕特別款)
酒, 美國時代波本威士忌
酒, 美國傑克丹尼爾田納西威士忌 OLD NO.7
酒, 美格 46波本威士忌
酒, 美國 野火雞尊釀波本威士忌(原酒)
酒, 美格波本威士忌
酒, 美國 野火雞 裸麥威士忌
酒, 美國 肯德基 水牛城波本威士
酒, 美國 羅素大師珍藏10年
酒, 美國 羅素大師珍藏 單桶波本威士忌
酒, 美國 歐佛斯特美國波本威士忌 86
酒, 美國 玫瑰單桶原酒
酒, 美國 4玫瑰波本威士忌
酒, 約翰走路 黑牌醇黑限定版(1公升)
酒, 約翰走路 黑牌12年蘇格蘭威士忌
酒, 約翰走路 紅牌蘇格蘭威士忌
酒, 約翰走路 藍牌蘇格蘭威士忌(1L)
酒, 約翰走路 黑牌12年威士忌(1L)
酒, 約翰走路 尊爵蘇格蘭威士忌
酒, 約翰走路 18年蘇格蘭威士忌
酒, 約翰走路 黑牌12年 台灣限定版
酒, 帝亞吉歐 冰與火之歌 權力遊戲套組
酒, 約翰走路 金牌珍藏(1L)
酒, 約翰走路 藍牌原酒
酒, 約翰走路 黑牌12年雪莉桶風味限定版
酒, 約翰走路 XR21年威士忌(鳳凰瓶)
酒, 竹鶴純麥威士忌
酒, 竹鶴21年威士忌
酒, 竹鶴17年威士忌
酒, 三得利 知多 單一穀物威士忌
酒, 皇家禮炮 23年
酒, 皇家禮炮 海灘馬球限量瓶
酒, 皇家禮炮 21年(1L)
酒, 皇家禮炮 21年
酒, 皇家禮炮 28年限量版
酒, 百齡罈 30年
酒, 百齡罈 15年格蘭伯吉
酒, 百齡罈 紅璽
酒, 百齡罈 21年
酒, 百富故事系列NO.2 14年泥煤週
酒, 百齡罈 17年
酒, 百富故事系列NO.1 12年糖心橡木
酒, 百富 40年
酒, 百富 30年
酒, 百富 25年經典三桶
酒, 百富 21年馬德拉
酒, 百富 21年
酒, 百富 1858(第四版)
酒, 百富 1858(第六版)
酒, 百富 1858(第五版)
酒, 百富 1858(第一版)
酒, 百富 1858(第七版)
酒, 百富 1858(第三版)
酒, 百富 17年DOUBLEWOOD
酒, 百富 16年經典三桶
酒, 百富 15年單一雪莉桶
酒, 百富 14年加勒比海蘭姆桶
酒, 百富 25年單一酒桶
酒, 百富 12年DOUBLEWOOD
酒, 百富 12年經典三桶
酒, 百富 12年單一酒桶
酒, 白州12年
酒, 留名溪波本威士忌
酒, 白州18年
酒, 渥福精選美國波本威士忌
酒, 渥福大師典藏白蘭地桶美國威士忌(限量版)
酒, 渥福 精選 裸麥威士忌
酒, 波摩艾雷 25年
酒, 渥福 精選 美國波本威士忌
酒, 汀斯頓雪莉桶12年
酒, 波摩艾雷 魔鬼
酒, 波摩艾雷 12年
酒, 歐肯特軒 美國桶
酒, 歐肯特軒 12年
酒, 歐肯特軒 29年1988PX雪莉桶
酒, 格蘭路思 18年
酒, 格蘭路思 12年
酒, 格蘭菲迪21年
酒, 格蘭菲迪18年
酒, 格蘭菲迪15年
酒, 格蘭菲迪12年
酒, 格蘭菲迪 實驗室NO.2 20大師選
酒, 格蘭多納18年
酒, 格蘭多納21年
酒, 格蘭多納15年
酒, 格蘭多納12年
酒, 格蘭利威 18年單一麥芽威士忌
酒, 格蘭利威 15年單一麥芽威士忌
酒, 格蘭利威 13年雪莉桶單一麥芽威士忌
酒, 格蘭利威 13年雪莉桶原酒單一麥芽威士忌
酒, 格蘭利威 12年單一麥芽威士忌
酒, 格蘭傑 經典威士忌
酒, 格蘭傑 12年雪莉桶威士忌
酒, 新山崎 威士忌
酒, 新白州 威士忌
酒, 撒旦威士忌
酒, 新余市 威士忌
酒, 拉弗格PX桶威士忌
酒, 慕赫2.81 16年
酒, 慕赫2.81 12年
酒, 布納哈本 12年(非冷凝過濾)
酒, 布納哈本 25年
酒, 布雷爾 23年限量版原酒
酒, 巴布萊爾 1999年
酒, 巴布萊爾 1997#912單一桶原酒(台灣限定)
酒, 巴布萊爾 1997#1151單一桶原酒(台灣限定)
酒, 山崎18年
酒, 巴布萊爾 2005年
酒, 山崎12年
酒, 山崎 水楢桶18年(2017年版)
酒, 尊美醇愛爾蘭威士忌
酒, 安努克 RASCAN泥煤限量版
酒, 安努克 35年
酒, 安努克 CUTTER泥煤限量版
酒, 安努克 PEATHEART泥煤限量版
酒, 安努克 18年
酒, 安努克 12年
酒, 奧德摩爾 30年
酒, 安努克 24年
酒, 奧德摩爾
酒, 大摩18年
酒, 大摩15年
酒, 大摩12年
酒, 大摩 鎏金四季系列VINTAGE 2001(台灣限定)
酒, 大摩 雪茄三桶單一麥芽 威士忌
酒, 大摩 亞歷山大紀念款
酒, 大力斯可 10年
酒, 噶瑪蘭 雪莉桶單一麥芽威士忌
酒, 噶瑪蘭 經典獨奏雪莉桶威士忌原酒
酒, 噶瑪蘭經典獨奏AMONTILLADO雪莉桶原酒
酒, 噶瑪蘭 經典獨奏FINO雪莉桶原酒
酒, 噶瑪蘭 經典獨奏波本桶威士忌原酒
酒, 噶瑪蘭 經典單一麥芽威士忌
酒, 噶瑪蘭 山川首席波特桶威士忌
酒, 噶瑪蘭 波本桶單一麥芽威士忌
酒, 噶瑪蘭 經典獨奏VINHO葡萄桶原酒
酒, 噶瑪蘭 經典獨奏波特桶威士忌原酒
酒, 噶瑪蘭 珍選單一麥芽威士忌
酒, 凱多獅 調和蘇格蘭威士忌
酒, 傑克丹尼爾 田納西蜂蜜威士忌
酒, 余市 20年威士忌
酒, 余市 15年威士忌
酒, 余市 10年威士忌
酒, 仕高利達 經典(紅)蘇格蘭威士忌
酒, 亞伯樂 首選原桶 #59桶
酒, 亞伯樂 單桶波本首次裝桶14年
酒, 亞伯樂 12年
酒, 亞伯樂 單桶雪莉首次裝桶19年
酒, 亞伯樂 珍稀三桶
酒, 三隻猴子100%麥芽威士忌
酒, 三得利 響 30年威士忌
酒, 三得利 響 17年威士忌
酒, 三得利 角瓶威士忌
酒, OMAR 原桶強度(波本桶59)
酒, OMAR 雪利果乾
酒, OMAR 原桶強度(泥煤桶)
酒, OMAR 原桶強度(雪莉桶)
酒, OMAR 波本花香
酒, OMAR 首批原桶強度(柳丁酒桶)
酒, OMAR 原桶強度(葡萄酒桶)
酒, OMAR 原桶強度(荔枝酒桶55)
酒, OMAR 原桶強度(梅子酒桶55)
酒, OMAR 8年原桶強度(波本桶)
酒, NIKKA 調和威士忌
酒, BRORA 34年限量原酒
酒, 1776 裸麥威士忌
酒, 約瑟夫杜亨 夏山蒙哈榭白葡萄酒17
酒, 海維克酒莊〈自由〉慕思卡葡萄酒17
酒, 海維克酒莊〈自由〉灰皮諾葡萄酒16/17
酒, 阿根廷 卡帝娜莊主旗艦紅酒15
酒, 智利 庫奇諾酒莊旗艦款 蘿塔紅酒11
酒, 威漢博士 麗斯玲干白葡萄酒16/17
酒, 亞當酒莊 賀福園花園麗絲玲微甜白葡萄酒17
酒, 雅倫布酒莊 施赫有機紅酒16/17
酒, 雅倫布酒莊 老灌木藤格那希紅酒17/18
酒, 雅倫布酒莊 手摘施赫&維歐尼耶紅酒15/16
酒, 雅倫布酒莊 伊甸谷 維歐尼耶白葡萄酒17
酒, 雅倫布酒莊 Y系列 維歐尼耶白葡萄酒16/18
酒, 露卡酒莊 特選施赫紅酒17
酒, 露卡酒莊 馬爾貝克紅酒17
酒, 露卡酒莊 丹提之吻紅酒14
酒, 蘿拉小酒館 小農五號 阿曼柏納達紅酒18
酒, 蘿拉小酒館 小農三號 保羅馬爾貝克紅酒18
酒, 蘿拉小酒館 小農二號 艾拉馬爾貝克紅酒18
酒, 銀影酒莊 典藏馬爾貝克紅酒16/17
酒, 羅黑塔城堡紅酒15
酒, 雅倫布酒莊 維歐尼耶貴腐甜白葡萄酒17
酒, 銀影酒莊 精選馬爾貝克紅酒16/17
酒, 威漢博士 比克韋勒村 麗斯玲干白葡萄酒(紅片岩)16/17
酒, 亞當酒莊 賀福園逐串晚摘甜白葡萄酒16
酒, 法國 林區貝奇堡 波雅克三軍紅酒16
酒, 蒙帝斯 阿法精釀系列黑皮諾紅酒18
酒, 蒙帝斯 阿法精釀系列卡本內蘇維翁紅酒17
酒, 蒙帝斯 阿法精釀系列夏多內白葡萄酒16
酒, 約瑟夫杜亨 薄酒萊村莊新酒19
酒, 鹿躍酒廠 納帕谷地夏多內白葡萄酒17
酒, 鹿躍酒廠 納帕谷地梅洛紅酒16
酒, 鹿躍酒廠 納帕谷地小希哈紅酒16
酒, 法國 五級酒莊 達美雅克莊園單人跳舞紅酒 2011
酒, 阿根廷 卡帝娜高海拔系列馬爾貝克紅酒16
酒, 阿根廷 卡帝娜馬爾貝克紅酒17
酒, 阿根廷 卡帝娜卡本內蘇維翁紅酒17
酒, 賽爾廷閣村莊 紅標麗絲玲白葡萄酒
酒, 法國 波賽裘堡紅酒 2016
酒, 米拉瓦酒莊 普羅旺斯裘布白葡萄酒15
酒, 菲拉頓酒莊 艾米達吉米爾紅酒17
酒, 賈斯汀酒莊 卡本內蘇維翁紅酒17
酒, 施密特酒莊 萊茵黑森冰酒
酒, 路森博士酒廠 麗絲玲甜白葡萄酒
酒, 聖烏班荷芙酒莊 莊園荖藤白葡萄酒
酒, 昆斯特勒酒莊 瑞赫斯塔麗絲玲白葡萄酒
酒, 傑羅酒莊 卡本內紅酒
酒, 傑羅酒莊 美露紅酒
酒, 美國 蘭瑪酒莊 黑皮諾紅酒16
酒, 美國 蘭瑪酒莊 夏多內白酒16
酒, 達克宏酒莊 那帕梅洛紅酒 13/14
酒, 義大利 湯瑪士阿瑪洛內紅酒13/15
酒, 義大利 湯瑪士拉菲爾紅酒15/16
酒, 古藤系列 納科阿馬盧紅酒17
酒, 大娛樂家 黑阿沃拉紅酒17
酒, 南非磨豆酒莊 杏桃白酒
酒, 菲拉頓酒莊 隆河丘白酒17
酒, 羅格世家 梅洛希哈紅酒
酒, 漢彌根酒莊 經典白葡萄酒
酒, 夏伯帝酒莊 梅索尼克羅茲米達吉紅酒17
酒, 法國 呂克貝蕾爾粉紅酒
酒, 班傑明拉魯 馮羅曼尼紅酒17
酒, 班傑明拉魯 哲維瑞香貝丹紅酒17
酒, 法國 卡內雅莊園紅酒 2000
酒, 瓦雷兄弟酒莊 哲瑞香貝丹一級園紅酒1983
酒, 法國 夢瑞古拉堡紅酒 2008
酒, 米拉瓦酒莊 普羅旺斯粉紅酒17
酒, 露蒂夢酒莊 天地人夜聖喬治村莊級紅酒14
酒, 路易拉圖 特級園高登格蘭榭紅酒17
酒, 路易佳繹 布根地黑皮諾紅酒16
酒, 法國 金鐘堡紅酒 1996
酒, 法國 金鐘堡紅酒 1978
酒, 法國 金鐘堡紅酒 2010
酒, 法國 旺迪紅酒 2017
酒, 法國 佳能堡一級園紅酒 2014
酒, 法國 佳能堡一級園紅酒 2009
酒, 法國 克萊蒙教皇堡紅酒 2006
酒, 法國 克里莊園紅酒 2015
酒, 法國 朵麗卡紅酒
酒, 法國 多納堡紅酒 2016
酒, 法國 巴頓莊園紅酒 2014
酒, 法國 巴頓莊園紅酒 2012
酒, 法國 五級酒莊 龐特卡內堡紅酒 2011
酒, 法國 五級酒莊 克萊米爾莊園紅酒(雙人跳舞) 2015
酒, 法國 五級酒莊 巴哈紅酒 2010
酒, 法國 五級酒莊 巴哈紅酒 2012
酒, 法國 四級酒莊 龍船莊園紅酒 2014
酒, 法國 四級酒莊 龍船莊園紅酒 2012
酒, 法國 四級酒莊 杜哈莊園紅酒 2013
酒, 法國 四級酒莊 卡內特莊園二軍紅酒 2010
酒, 法國 四級酒莊 卡內特莊園紅酒 2014
酒, 法國 三級酒莊 帕瑪堡紅酒 2010
酒, 法國 三級酒莊 帕瑪堡紅酒 2009
酒, 法國 三級酒莊 吉斯可莊園紅酒 2010
酒, 法國 三級酒莊 卡農莊園紅酒 2015
酒, 法國 三級酒莊 迪森莊園紅酒 2010
酒, 法國 三級酒莊 拉拉郡堡紅酒 2014
酒, 法國 克萊蒙莊園紅酒 2009
酒, 法國 聖杜克吉恭達斯老教堂紅酒 2015
酒, 法國 聖杜克新皇堡聖女區紅酒 2014
酒, 法國 白馬莊園二軍紅酒 2011
酒, 法國 白馬莊園紅酒 2012
酒, 法國 四級酒莊 馬丁紅酒 2009
酒, 法國 四級酒莊 馬丁紅酒 2014
酒, 法國 二級酒莊 喜格莊園紅酒 2016
酒, 法國 二級酒莊 喜格莊園紅酒 2014
酒, 法國 二級酒莊 歐風莊園一級紅酒 2012
酒, 法國 二級酒莊 獅子山二軍紅酒 2012
酒, 法國 二級酒莊 菲力紅酒 2014
酒, 法國 二級酒莊 玫瑰山堡紅酒 2009
酒, 法國 二級酒莊 拉蓮堡紅酒 2015
酒, 法國 二級酒莊 巴龍莊園紅酒 2015
酒, 法國 二級酒莊 巴龍莊園紅酒 2014
酒, 法國 二級酒莊 巴哈雅紅酒 2014
酒, 法國 二級酒莊 高斯古堡紅酒 2014
酒, 法國 二級酒莊 高斯古堡紅酒 2011
酒, 法國 歐頌莊園紅酒 1978
酒, 法國 一級酒莊 歐布里昂二軍 2015
酒, 法國 歐布里昂二軍紅酒 2010
酒, 法國 一級酒莊 瑪歌堡紅酒 1979
酒, 法國 一級酒莊 拉圖堡二軍紅酒 2009
酒, 法國 一級酒莊 拉圖堡紅酒 2007
酒, 法國 一級酒莊 拉圖堡紅酒 2011
酒, 法國 一級酒莊 帕維堡紅酒 1985
酒, 法國 一級酒莊 帕維堡紅酒 2009
酒, 法國 一級酒莊 木桐堡二軍紅酒 2012
酒, 法國 一級酒莊 木桐堡紅酒 2012
酒, 法國 一級酒莊 木桐堡紅酒 2015
酒, 法國 一級酒莊 木桐堡紅酒 2010
酒, 法國 一級酒莊 木桐堡紅酒 1975
酒, 法國 一級酒莊 拉圖堡紅酒 1992
酒, 紅隼莊園 法卡托 阿斯地慕斯卡多微甜白酒18
酒, 尼波札諾 精選紅酒14
酒, 鹿躍酒廠 納帕谷地卡本內蘇維翁紅酒15
酒, 美國 開木斯特選卡本內蘇維翁紅酒15
酒, 台階酒廠 典藏夏多內白葡萄酒15
酒, 南非磨豆酒莊 櫻桃紅酒
酒, 帕露梭酒莊 巴貝拉紅酒
酒, 帕露梭酒莊 巴羅洛紅酒
酒, 薩佈酒莊 黃色蚱蜢白葡萄酒
酒, 大娛樂家 皮米迪沃紅酒17
酒, 大薩索 蒙答普西安諾限定版紅酒
酒, 大薩索 漫步雲端限定版紅酒
酒, 大薩索 聖血限定款紅酒
酒, 蘿朵莊園 阿瑪羅內紅酒
酒, 蘿朵莊園 金色城堡 里帕索紅酒
酒, 美麗莊園 錦繡風土紅酒14
酒, 美麗莊園 GDL創辦人卡本內蘇維翁紅酒15
酒, 美麗莊園 羅斯福卡本內蘇維翁紅酒15
酒, 夏伯帝酒莊 隆河貝拉芙白葡萄酒17
酒, 泰芮酒莊 古風紅酒17
酒, 哈莎酒莊 桶陳級紅酒14
酒, 佩斯特拉酒莊 桶陳級紅酒16
酒, 慕卡酒莊 窖藏級紅酒15
酒, 慕卡酒莊 桶陳白葡萄酒18
酒, 費爾頓路酒莊 黑皮諾紅酒16
酒, 托貝克酒莊 巴羅莎史崔麗紅酒16
酒, 托貝克酒莊 經典混調荖藤紅酒16
酒, 莫托酒莊 卡本內蘇維翁紅酒17
酒, 美派茲與侯索諾瑪岸 黑皮諾紅酒16
酒, 利吉 繽奇金芬黛紅酒17
酒, 利吉 蓋世山莊園紅酒17
酒, 夏伯帝酒莊 美頌尼爾艾克羅茲米達吉白葡萄酒17
酒, 約瑟夫杜亨 布根地夏多內白葡萄酒
酒, 約瑟夫杜亨 布根地黑皮諾紅酒17
酒, 約瑟夫杜亨 香波蜜斯妮紅酒
酒, 羅亞河克洛尼酒莊 紫羅蘭紅酒15
酒, 樂譜酒莊 艾米利紅酒16
酒, 法國 貝爾莊園紅酒14
酒, 米林其 波爾多白葡萄酒18
酒, 米林其 波爾多紅酒17
酒, 鹿躍酒莊 23號卡本內蘇維翁紅酒15
酒, 鹿躍酒莊 費園卡本內蘇維翁紅酒15
酒, 鹿躍酒莊 月神卡本內蘇維翁紅酒16
酒, 法國 勒凡喬堡紅酒 2011
酒, 法國 二級酒莊 獅子山一軍紅酒 2015
酒, 法國 二級酒莊 獅子山一軍紅酒 2005
酒, 法國 二級酒莊 獅子山一軍紅酒 1989
酒, 法國 二級酒莊 獅子山二軍紅酒 2015
酒, 法國 二級酒莊 拉斯康堡紅酒 2015
酒, 法國 二級酒莊 杜庫柏卡堡紅酒 2016
酒, 法國 二級酒莊 杜庫柏卡堡紅酒 2015
酒, 法國 四級酒莊 拉格堡紅酒 2010
酒, 法國 四級酒莊 塔波堡紅酒 2015
酒, 法國 四級酒莊 塔波堡一軍紅酒 2016
酒, 法國 金鐘堡紅酒 2015
酒, 法國 二級酒莊 皮雄拉蓮女爵堡紅酒 2016
酒, 法國 五級酒莊 龐特卡內堡紅酒 2012
酒, 法國 五級酒莊 林區貝奇堡紅酒 2015
酒, 法國 史密斯歐拉飛堡紅酒 2017
酒, 法國 一級酒莊 拉圖堡紅酒 2006
酒, 法國 一級酒莊 拉菲堡紅酒 2015
酒, 法國 一級酒莊 拉菲堡紅酒 2011
酒, 法國 佳能堡一級園紅酒 2010
酒, 橡樹莊園 奇揚地經典紅酒14
酒, 橡樹莊園 奇揚地經典紅酒15
酒, 橡樹莊園 蒙格納IGT紅酒15
酒, 托多修酒莊 布根地紅酒17
酒, 約瑟夫杜亨 夜丘村紅酒16
酒, 約瑟夫杜亨 馬貢白酒17
酒, 約瑟夫杜亨 普伊福瑟白酒18
酒, 約瑟夫杜亨 伯恩丘白酒17
酒, 法國 一級酒莊 瑪歌堡紅酒 2015
酒, 法國 一級酒莊 瑪歌堡紅酒 2010
酒, 法國 一級酒莊 瑪歌堡紅酒 2000
酒, 法國 一級酒莊 瑪歌堡二軍紅酒 2010
酒, 法國 歐布里昂二軍紅酒 2016
酒, 法國 歐布里昂二軍紅酒 2017
酒, 法國 一級酒莊 歐布里昂紅酒 2010
酒, 至尊酒莊 庫尼珍釀紅酒
酒, 伊蘭莊園 單一園 田帕尼歐紅酒
酒, 艾米亞娜 諾亞維歐尼耶白葡萄酒
酒, 忽必烈酒莊 經典禮藏紅酒11
酒, 艾米亞娜 奧多比白蘇維翁白葡萄酒
酒, 康帝城市 莊園梅洛紅酒
酒, 達克宏酒莊 那帕白蘇維翁白葡萄酒18
酒, 法國 三級酒莊 卡農莊園愛諾特卡獨家特別版紅酒17
酒, 多慕斯酒莊 車庫酒王旗艦紅酒15(十八羅漢)
酒, 多慕斯酒莊 車庫二軍 艾帕黎明紅酒14
酒, 美麗莊園 加州經典夏多內白葡萄酒16
酒, 邦飛 昇華2超級托斯卡紅酒15
酒, 夏伯帝酒莊 隆河貝拉芙紅酒
酒, 賈斯汀酒莊 緣由紅酒16
酒, 南非 磨豆酒莊禮盒
酒, 西班牙 富飛酒莊 花舞系列禮盒
酒, 西班牙 漢彌根精選禮盒
酒, 智利 恩圖拉堡酒莊 TH探索者禮盒
酒, 智利 恩圖拉堡酒莊 享樂特級陳釀禮盒
酒, 智利 恩圖拉堡酒莊 幸運樹陳釀禮盒
酒, 智利 恩圖拉堡酒莊 珍稀款禮盒
酒, 法國 羅格世家禮盒
酒, 法國 菲拉頓酒莊 隆河丘禮盒
酒, 法國 菲拉頓酒莊 聖約瑟夫紅+村莊白禮盒
酒, 澳洲 袋鼠山禮盒
酒, 紐西蘭 寶貝羊禮盒
酒, 紐西蘭 伊蘭莊園 單一園+希哈禮盒
酒, 瑞卡梭利男爵酒莊 捷安緹紅酒
酒, 波吉歐酒莊 布內羅蒙達奇諾紅酒13
酒, 波吉歐酒莊 托斯卡納紅酒
酒, 卡斯提里歐尼莊園紅酒
酒, 波吉歐酒莊 蒙塔奇諾紅酒
酒, 尼波札諾 荖藤紅酒
酒, 瑪莎莉亞德慕拉 沙賽歐皮蜜堤沃紅酒16
酒, 瑪莎莉亞德慕拉 阿普羅 法蘭娜白葡萄酒17
酒, 柯蒂谷酒莊 蒙塔奇諾家傳典藏紅酒11
酒, 佛利安諾 經典奇揚地單一莊園佳釀紅酒13
酒, 佛利安諾 托斯卡尼夏多內白葡萄酒
酒, 畢旗利 佳釀年份紅酒
酒, 畢旗利 精選佳釀紅酒
酒, 瑪翠 錫耶皮紅酒15
酒, 瑪翠 MIX36紅酒13
酒, 瑪翠 馮特里莊園經典奇揚地紅酒13
酒, 坎帕羅拉 書雅維白葡萄酒17
酒, 維耶蒂 波巴克內比歐露紅酒15
酒, 維耶蒂 卡斯提巴羅洛紅酒15
酒, 維耶蒂 特維涅多歇托阿爾巴紅酒15
酒, 維耶蒂 羅埃洛阿內斯白葡萄酒16
酒, 沃吉歐 榭栗貴歐巴羅洛紅酒
酒, 沃吉歐 榭栗多巴貝拉紅酒
酒, 費希娜 蘭斯園精選奇揚地紅酒
酒, 費希娜 經典奇揚地紅酒
酒, 費希娜 精選經典奇揚地紅酒15
酒, 富帝酒莊 經典系列格雷科白葡萄酒
酒, 富帝酒莊 優質系列少女峰精選紅酒
酒, 富帝酒莊 經典系列法拉吉娜白葡萄酒
酒, 富帝酒莊 優質系列尚品客旗艦紅酒
酒, 台階酒廠 典藏托倫特斯白葡萄酒16
酒, 雲思莊園 黑標希哈紅酒
酒, 禾富 黑牌紅酒
酒, 禾富 金牌希哈紅酒 旺旺年限定版
酒, 火狐酒莊 星朵紅酒13/15
酒, 智利王 亞瑪維紅酒12
酒, 智利 恩圖拉堡酒莊 幸運樹陳釀 白蘇維翁白葡萄酒18
酒, 智利 恩圖拉堡酒莊 享樂特級陳釀 卡本內蘇維翁紅酒17
酒, 智利 恩圖拉堡酒莊 晚摘甜白葡萄酒17
酒, 智利 恩圖拉堡酒莊 享樂特級陳釀 珍稀款黑牌紅酒17
酒, 智利 恩圖拉堡酒莊 幸運樹陳釀 卡本內希哈紅酒18
酒, 智利 恩圖拉堡酒莊 TH探索者 珍稀款紅酒16
酒, 智利 恩圖拉堡酒莊 TH探索者 卡門內爾紅酒16
酒, 智利 恩圖拉堡酒莊 TH探索者 卡本內蘇維翁紅酒17
酒, 智利 恩圖拉堡酒莊 TH探索者 勒伊達 黑皮諾紅酒17
酒, 智利 恩圖拉堡酒莊 莊主珍藏 卡本內蘇維翁紅酒16
酒, 智利 恩圖拉堡酒莊 莊主珍藏 卡門內爾紅酒16
酒, 智利 恩圖拉堡酒莊 膜拜酒阿塔索 卡本內蘇維翁紅酒15
酒, 加州酒窖 卡本內蘇維翁紅酒
酒, 羅伯蒙岱維酒莊 特選夏多內白葡萄酒
酒, 美國加州 夸蒂白葡萄酒
酒, 羅蔓后溪酒莊 麗絲玲VQA冰酒
酒, 羅蔓后溪酒莊 維黛爾VQA精選晚摘冰酒
酒, 蒙帝斯 阿法旗鑑M紅酒
酒, MICHELEI CASTELLANI VALPOLICELLA CLASSICO SUPERIORE SAN MICHELEI RIPASSO 2015
酒, 美尼斯 卡本內蘇維翁紅酒18
酒, 瑪西酒廠 伐波里契拉特級經典紅酒17
酒, 傑卡斯 臻藏席哈紅酒
酒, DONNACHIARA AGLIANICO IRPINIA 2015
酒, 弗畢諾 俄羅斯河谷黑皮諾紅酒16
酒, 達克宏酒莊 棕櫚園梅洛紅酒
酒, 達克宏酒莊 那帕梅洛紅酒 16
酒, 達克宏酒莊 黃金眼系列 黑皮諾紅酒16
酒, 多明塔斯酒莊 豐收慶典門西亞紅酒
酒, 皇家利奧哈 特級陳釀紅酒12
酒, 凱蕾拉酒莊 中央海岸黑皮諾紅酒16
酒, BRAMOSS BARBARESCO RISERVA 1997
酒, 彩鑽蝶戀白葡萄酒
酒, 魔拉斗羅 2V紅酒
酒, 阿根廷 拉菲堡阿曼卡亞馬爾貝卡本內紅酒14
酒, 格萊堡 標竿卡本內紅酒
酒, 美麗莊園 加州經典梅洛紅酒16
酒, 美麗莊園 納帕谷梅洛紅酒16
酒, 美麗莊園 納帕谷卡本內蘇維翁紅酒14
酒, AGRICOLA PUNICA ISOLA DEL NURAGHI MONTESSU 2014
酒, 法國 老色丹堡紅酒 2009
酒, 艾斯莊園 綺幻 普羅旺斯粉紅酒
酒, 艾斯莊園 奧秘 律沙克聖愛濃紅酒
酒, 法國 二級酒莊 獅子山二軍紅酒 2014
酒, 法國 史密斯歐拉飛堡紅酒 2009
酒, 法國 一級二軍 拉菲堡紅酒 2014
酒, 法國 四級酒莊 拉風紅酒 2014
酒, 法國 一級酒莊 歐布里昂紅酒 2005
酒, 法國 二級酒莊 高斯古堡紅酒 2006
酒, 法國 卡辛堡紅酒 2009
酒, 法國 二級酒莊 高斯古堡紅酒 2000
酒, 法國 五級酒莊 卡門薩克二軍紅酒 2011
酒, 路易菲利普 沛拉卡本內紅酒(375ML)
酒, 寶貝羊 粉紅酒
酒, 伊蘭莊園 珍藏希哈紅酒
酒, 奔富 BIN 128 庫那瓦拉希哈紅酒
酒, 菲拉頓酒莊 教皇新堡紅酒
酒, 南非磨豆酒莊 咖啡紅酒
酒, 台階酒廠 典藏馬爾貝克紅酒
酒, 台階酒廠 典藏卡本內蘇維翁紅酒
酒, 台階酒廠 頂級馬爾貝克紅酒
酒, 南非磨豆酒莊 牛奶樹希哈紅酒
酒, 勃根地 伯恩濟貧院 一級園特釀紅酒15
酒, 路易拉圖 阿羅斯高登紅酒16/17
酒, 米歇爾 拉法吉梅索白酒16
酒, 米歇爾 拉法吉 沃內村紅酒16
酒, 勃根地 魯道夫德慕儒酒莊 荖藤黑皮諾紅酒17
酒, 勃根地 雷克勒酒莊 勃根地紅酒16
酒, 勃根地 拉佛格酒莊 歐榭都赫斯一級園伊古索紅酒17
酒, 勃根地 多米尼克加盧瓦酒莊 哲維瑞香貝丹村莊級紅酒16
酒, 法國 嘉法利葉堡紅酒
酒, 法國 白馬莊園二軍紅酒 2014
酒, 修道院 幕斯卡多微甜白酒
酒, 佳布列艾米達吉 小教堂紅酒
酒, 鶴湖 慕斯卡多甜白酒
酒, 鶴湖 夏多內白葡萄酒
酒, 美尼斯 維歐涅白葡萄酒17/18
酒, 加州酒窖 夏多內白葡萄酒
酒, 紐頓 紅標夏多內白葡萄酒
酒, 紐頓 未過濾型夏多內白葡萄酒
酒, 傑卡斯 經典夏多內白葡萄酒
酒, 菲拉頓酒莊 聖約瑟夫白葡萄酒17
酒, 菲拉頓酒莊 隆河丘村莊白葡萄酒17
酒, 奔富 庫濃格 夏多內白葡萄酒
酒, 米多羅 名丑維蒙蒂諾白葡萄酒
酒, 多利士 艾斯瑪瑞達白葡萄酒
酒, 班傑明拉魯 勃根地白葡萄酒
酒, 法國 木桐侯奇堡銀翼白葡萄酒
酒, 獨厚之泉 高登查里曼特級園白葡萄酒
酒, 路易拉圖 特級園 高登查理曼白葡萄酒16
酒, 路易拉圖 夏沙尼蒙哈榭白葡萄酒17
酒, 路易拉圖 阿德榭夏多內白葡萄酒17
酒, 路易拉圖 夏山蒙哈榭一級園 蓋爾雷園白葡萄酒12/13
酒, 路易拉圖 夏布利白葡萄酒18
酒, 西蒙 法勃夏布利白葡萄酒17
酒, 伊更堡 貴腐甜白酒
酒, 佳布列 艾米達吉史坦堡騎士白葡萄酒
酒, 蒙帝斯 阿法卡本內紅酒
酒, 蒙帝斯 阿法希哈紅酒
酒, 蒙帝斯 紫色天使紅酒
酒, 路易菲利普 沛拉施赫紅酒
酒, 路易菲利普 家傳陳年施赫紅酒
酒, 路易菲利普 家傳陳年馬爾貝克紅酒
酒, 路易菲利普 特級陳年卡本內紅酒
酒, 路易菲利普 家傳陳年卡本內紅酒
酒, 路易菲利普 柏娜多夫人紅酒
酒, 路易菲利普 沛拉卡蜜尼耶紅酒
酒, 路易菲利普 沛拉卡本內紅酒
酒, 聖羅莎 卡本內梅洛紅酒
酒, 高爾夫 一桿進洞蘇維翁紅酒
酒, 高爾夫 信天翁(雙鷹)頂級紅酒
酒, 高爾夫 一哥(老鷹)蘇維翁禮藏紅酒
酒, 歐哲威 星雲紅酒
酒, 歐哲威 1851陳釀卡本內紅酒
酒, 拉菲堡特級紅酒
酒, 拉菲堡精選紅酒
酒, 拉博絲特 康藤阿帕塔莊園紅酒10
酒, 拉博絲特 阿帕塔莊園紅酒09
酒, 艾米亞娜 諾亞黑皮諾紅酒
酒, 智利王 亞瑪維紅酒17
酒, 艾米亞娜 諾亞卡蜜尼耶卡本內有機紅酒
酒, 艾米亞娜 奧多比希哈紅酒
酒, 艾米亞娜 奧多比卡本內紅酒
酒, 義大利 羅密歐紅酒
酒, 瑪西酒廠 巴羅拉坎菲歐琳紅酒
酒, 瑪西酒廠 亞瑪諾經典紅酒12
酒, 國王之泉 塞拉倫加阿爾巴巴羅洛紅酒
酒, 國王之泉 畢可多皮蒙巴貝拉紅酒
酒, 柏頓莊園 拉莫拉特級園巴羅洛紅酒11
酒, 柏頓莊園 太陽羅傑特級園巴羅洛紅酒08
酒, 卡斯泰利酒莊 特級園古典奇揚地紅酒13
酒, 火狐酒莊 波奇昂尼奇揚地紅酒
酒, 卡斯泰利酒莊 古典奇揚地紅酒18
酒, 桑托斯利馬莊園 阿蓮卡精選紅酒
酒, 桑托斯利馬莊園 科羅索窖藏紅酒15
酒, 桑托斯利馬莊園 波塔斯里斯本精選紅酒
酒, 夏伯帝酒莊 班泰維拉黑米紅酒
酒, 皇家波特 寶石甜紅酒
酒, 我是至尊 10年波特酒
酒, 我是傳奇 波特酒
酒, 我是至尊 20年波特酒
酒, 寶貝羊 黑皮諾紅酒
酒, 金卡佛 馬博羅 黑皮諾紅酒
酒, 伊蘭莊園 釀酒師珍藏版 黑皮諾紅酒
酒, 伊蘭莊園 單一園 黑皮諾紅酒
酒, 鶴湖 卡本內蘇維翁紅酒
酒, 羅伯蒙岱維酒莊 特選黑皮諾紅酒17/18
酒, 羅伯蒙岱維酒莊 特選卡本內蘇維翁紅酒17/18
酒, 羅伯蒙岱維酒莊 那帕卡本內蘇維翁紅酒17/18
酒, 羅伯蒙岱維酒莊 木橋卡本內蘇維翁紅酒17/18
酒, 紐頓 未過濾型卡本內蘇維翁紅酒15
酒, 紐頓 帕索紅酒
酒, 美麗山丘 黑皮諾紅酒
酒, 美麗山丘 頂級卡本內蘇維翁紅酒
酒, 美麗山丘 卡本內蘇維翁紅酒
酒, 美尼斯 小希哈紅酒
酒, 美尼斯 梅洛紅酒
酒, 金芬教父 金芬黛紅酒
酒, 金芬教父 卡本內紅酒
酒, 加州那帕 第一樂章紅酒
酒, 蒙帝斯 傻瓜希哈紅酒
酒, 奔富 葛蘭許希哈紅酒
酒, 飛鷹酒莊 小飛鷹卡本內蘇維翁紅酒17
酒, 袋鼠山 卡貝納紅酒
酒, 傑卡斯 經典席哈卡本內紅酒
酒, 傑卡斯 經典梅洛紅酒
酒, 袋鼠山 施赫紅葡萄酒
酒, 傑卡斯 聖雨果席哈紅酒
酒, 格萊佐迪索酒莊 先知黑皮諾紅酒
酒, 格萊佐迪索酒莊 傳承希哈紅酒
酒, 格萊佐酒莊 蒼穹之眼紅酒
酒, 格萊佐酒莊 碧莎紅酒
酒, 格萊佐酒莊 安普瑞娜紅酒
酒, 格萊佐酒莊 華萊士紅酒
酒, 奔富 RWT BIN 798 希哈紅酒
酒, 奔富 LOT.518 加烈型特瓶葡萄酒
酒, 奔富 聖亨利 希哈紅酒
酒, 奔富 庫濃格 希哈紅酒
酒, 奔富 庫濃格 卡本內紅酒
酒, 奔富 BIN 8 卡本內希哈紅酒
酒, 奔富 庫濃格 希哈卡本內紅酒
酒, 奔富 BIN 389 卡本內希哈紅酒
酒, 奔富 BIN 407 卡本內紅酒
酒, 奔富 BIN 707 卡本內紅酒
酒, 米多羅 第七傳人紅酒
酒, 米多羅 安琪拉夫人施赫紅酒
酒, 米多羅 尚品客卡本內紅酒
酒, 米多羅 薩維塔施赫紅酒
酒, 米多羅 名丑施赫紅酒
酒, 米多羅 名丑卡本內紅酒
酒, 米多羅 名丑山吉歐維列粉紅酒
酒, 托貝克酒莊 伐木工希哈紅酒
酒, 禾富 灰牌希哈紅酒
酒, 塔南達酒莊 希哈卡本內紅酒
酒, 塔南達酒莊 頂級巴羅莎希哈紅酒17
酒, 塔南達酒莊 頂級巴羅莎卡本內紅酒
酒, 漢彌根酒莊 經典紅酒
酒, 禾富 灰牌卡本內希哈紅酒
酒, 漢彌根酒莊 雅蘭歌禮盒
酒, 漢彌根酒莊 阿凡提諾200桶精選珍釀紅酒
酒, 漢彌根酒莊 特級帕薩斯晚摘紅酒
酒, 漢彌根酒莊 帕薩斯晚摘紅酒
酒, 漢彌根酒莊 先知預言家超級荖藤紅酒禮盒2009
酒, 漢彌根酒莊 卡帕單一園紅酒
酒, 漢彌根酒莊 托沙雷十字架紅酒14
酒, 西班牙 堤歐雪莉酒
酒, 彩鑽蝶戀紅酒
酒, 法蘭克馬沙 乾杯紅酒15
酒, 阿維拉城堡紅酒
酒, 佩斯克拉酒莊 斯克拉陳年紅酒10
酒, 至尊酒莊 陳釀紅酒10
酒, 至尊酒莊 特級陳釀紅酒
酒, 西班牙 富飛酒莊 黃金三脈頂級紅酒
酒, 西班牙 富飛酒莊 單一園紅酒
酒, 西班牙 富飛酒莊 花舞系列經典紅酒
酒, 西班牙 富飛酒莊 花舞系列荖藤紅酒
酒, 多利士 托羅紅酒
酒, 菲拉頓酒莊 艾米達吉 迪歐涅紅酒12
酒, 菲拉頓酒莊 高納斯紅酒15
酒, 多明塔斯酒莊 特級老藤門西亞紅酒
酒, 菲拉頓酒莊 艾米達吉 米優紅酒11
酒, 菲拉頓酒莊 聖約瑟夫紅酒16
酒, 菲拉頓酒莊 隆河丘紅酒18
酒, 露蒂夢酒莊 天地人夜丘村莊級紅酒15
酒, 班傑明拉魯 勃根地紅酒
酒, 獨厚之泉 高登國王特級園紅酒14
酒, 拉菲奧希耶 精選紅酒
酒, 路易拉圖 特級園 香貝丹拉圖紅酒16
酒, 路易拉圖 特級園 梧玖園紅酒13
酒, 路易拉圖 夜丘村莊紅酒17
酒, 路易拉圖 伯恩丘村莊紅酒17
酒, 路易拉圖 伯恩丘一級園 弗朗屈園紅酒16
酒, 法國 芮寧莊園紅酒 2012
酒, 莫札特 禮藏紅酒AOC
酒, 畢高莊園紅酒
酒, 貝席耶古堡徽章紅酒
酒, 貝席耶古堡紅酒
酒, 十字女神紅酒
酒, 法國 拉格蘭吉莊園紅酒 2014
酒, 法國 優拉羅斯紅酒 1999
酒, 杜道酒莊 1號红酒
酒, 法國 二級酒莊 拉蓮堡二軍紅酒 2010
酒, 傑樂托 微甜慕斯卡多
酒, 國王之泉 皇家戈菲DOCG白葡萄酒
酒, 義大利 茱麗葉白葡萄酒
酒, 國王之泉 拉風 慕斯卡多阿士堤
酒, 吉亞尼格力亞朵酒莊 DOLCES3號 精選慕斯卡多
酒, 我是傳奇 白波特酒
酒, 瑪麗亞莊園 精選白蘇維翁白葡萄酒
酒, 雲霧之灣 白蘇維翁白葡萄酒
酒, 喜樂尼 酒窖系列 白蘇維翁白葡萄酒
酒, 金卡佛 馬博羅 白蘇維翁白葡萄酒
酒, 雲霧之灣 夏多內白葡萄酒
酒, 伊蘭莊園 單一園 白蘇維翁白葡萄酒
酒, 寶貝羊 白蘇維翁白葡萄酒
酒, 雲霧之灣 蒂蔻蔻白葡萄酒
酒, 伊蘭莊園 釀酒師珍藏版 白蘇維翁白葡萄酒
酒, 歐哲威 陳釀夏多內白葡萄酒
酒, 歐哲威 星雲白葡萄酒
酒, 伊蘭莊園 單一園 PGR白葡萄酒
酒, 路易菲利普 沛拉白蘇維翁白葡萄酒
酒, 路易菲利普 特級陳年夏多內白葡萄酒
酒, 聖羅莎 白蘇維翁榭蜜雍白葡萄酒
酒, 康帝城市 莊園夏多內白葡萄酒
酒, 聖美堡酒莊 英雄樂章麗絲玲白葡萄酒16/17
酒, 盲虎 限量液體黃金第三版琴酒
酒, 卡騰 煙燻紅茶香甜酒
酒, 亞瓜拉 巴西甘蔗酒
酒, 莉太荔枝香甜酒
酒, 蒙特內歌 利口酒
酒, 聖杰曼 接骨木花利口酒
酒, 娜利普萊 ORIGINAL DRY香艾酒
酒, TANQUERAY 柑橘風味琴酒
酒, TANQUERAY 草本風味琴酒
酒, 塔西爾 東方粉紅琴酒
酒, 塔西爾 東南亞琴酒
酒, 櫻尾 2019限定版琴酒
酒, JINZU 琴酒
酒, 馬斯格雷夫 粉紅琴酒
酒, 甘蔗之花 12年蘭姆酒
酒, 甘蔗之花 7年蘭姆酒
酒, 甘蔗之花 5年蘭姆酒
酒, 甘蔗之花 4年蘭姆酒
酒, 黑貓多寶力香甜酒
酒, 波蘭 生命之水80%
酒, 野格 SCHARF利口酒(復刻風味限定版)
酒, 金快活 珍藏1800陳釀龍舌蘭
酒, 奇峰 1703大師首選蘭姆酒
酒, 貝禮詩草莓奶酒
酒, 龐貝 藍鑽之星琴酒
酒, 智利加貝 珍藏摩艾皮斯可
酒, 安格仕 柑橘苦精
酒, 真的苦 紫羅蘭香甜酒
酒, 法國梵谷 傳統艾碧斯
酒, MB 茴香香甜酒
酒, KAHLUA 卡魯哇
酒, MB 蜜柑香甜酒
酒, MB 蜜瓜香甜酒
酒, MB 黑莓香甜酒
酒, MB 接骨木香甜酒
酒, MB 咖啡香甜酒
酒, 拉里歐琴酒
酒, GIN SUL 瓷瓶琴酒
酒, 盲虎尾胡椒琴酒
酒, 老爺巴拿馬 7年蘭姆酒
酒, 摩根船長蘭姆酒
酒, 酷尚蘭姆酒
酒, 麥斯 蘭姆酒
酒, 沙迦帝寶蘭姆酒
酒, 百家得 金蘭姆酒
酒, 普雷森 牙買加蘭姆酒
酒, 外交官 8年特級蘭姆酒
酒, 23Y ZACAPA蘭姆酒
酒, 唐.胡立歐 ANEJO珍藏龍舌蘭
酒, 奧美加阿爾托斯 金龍舌蘭
酒, 奧美加阿爾托斯 銀龍舌蘭
酒, 金快活 龍舌蘭
酒, 白蘭樹下琴酒
酒, 賓堡 倫敦琴酒
酒, 賓堡 大紅袍烏龍茶琴酒
酒, 馬丁米勒 琴酒
酒, 龐貝 藍鑽東方香料琴酒
酒, 猴子47 野莓琴酒
酒, 龐貝 藍鑽特級琴酒
酒, 海曼 陳釀琴酒
酒, 海曼 琴酒(新包裝)
酒, 海曼皇家海軍琴酒
酒, 美國聖喬治甘裸麥陳年琴酒
酒, 季之美 糖島琴酒
酒, 英人琴酒
酒, 白 日本頂級伏特加
酒, 絕對伏特加 西洋梨
酒, 蘇托力 尊皇伏特加(ELIT)
酒, 諾布斯基7年琴酒 7YO
酒, 絕對伏特加
酒, 思美洛伏特加
酒, Ｔ!伏特加 TOVARITCH VODKA
酒, CIROC 芒果伏特加
酒, CIROC 伏特加
酒, 1906 伏特加
酒, 拿破崙金 VSOP干邑
酒, 皮耶費朗 一級干邑極度限量款(第二版)
酒, 絲塔朵陳年琴酒
酒, 糜 艾碧斯
酒, 裴加羅紅心橄欖
酒, 亞當博士 奧里洛科苦精
酒, 同興牌紅櫻桃粒
酒, 樂傑 水蜜桃香甜酒
酒, 龍舌蘭玫瑰草莓奶酒
酒, 樂傑 葡萄柚香甜酒
酒, 安格仕苦精
酒, 樂傑 黑醋栗香甜酒
酒, 齊侯門黑莓利口酒
酒, 樂傑 草莓香甜酒
酒, 蒂凡茶酒
酒, 葡夢利口酒
酒, 吉寶蜂蜜酒
酒, 亞當博士 愛情女神苦精
酒, 義大利帕里尼檸檬香甜酒
酒, 義大利 吉拿開胃利口酒 (朝鮮薊)
酒, 寶緹嘉 檸檬香甜酒
酒, 義大利富蘭葛利榛果香甜酒
酒, 莫札特黑巧克力酒
酒, 莫札特巧克力酒
酒, 野格利口酒
酒, 莫札特白巧克力酒
酒, 國王薑汁香甜酒
酒, 馬丁尼純香艾酒 (EXTRA DRY)
酒, 馬丁尼白香艾酒 (BIANCO)
酒, 馬丁尼紅香艾酒 (ROSSO)
酒, 班尼狄克丁 DOM廊酒(香草酒)
酒, 蘇茲 龍膽香甜酒
酒, 夏翠絲 綠寶香甜酒
酒, 夏翠絲 黃寶香甜酒
酒, 南方安逸香甜酒
酒, 迪莎羅娜杏仁香甜酒
酒, 金巴利香甜酒
酒, 法國梵谷 優雅艾碧斯
酒, 帕瑪 皮姆一號利口酒
酒, 芙內 布蘭卡
酒, 帕萊索 荔枝香甜酒
酒, 亞當博士 經典波克苦精
酒, 亞當博士 鬥牛士苦精
酒, 亞當博士 草本浦公英苦精
酒, 貝禮詩奶酒
酒, 亞當博士 英式茶香苦精
酒, 杉布卡香甜酒
酒, 希琳 櫻桃香甜酒
酒, 芒果漾芒果香甜酒
酒, 君度橙酒(血橙)
酒, 艾碧斯香甜酒
酒, 君度橙酒
酒, 多林純香艾酒
酒, 多林 紅香艾酒
酒, 吉法 紅石榴
酒, 多林 白香艾酒
酒, 吉法 咖啡
酒, 吉法 焦糖
酒, 吉法 藍柑橘香甜酒
酒, 吉法 馬達加斯加香草
酒, 吉法 藍莓香甜酒
酒, 吉法 香蕉香甜酒
酒, 吉法 覆盆子香甜酒
酒, 吉法 哈蜜瓜香甜酒
酒, 吉法 黑可可香甜酒
酒, 吉法 黑醋栗香甜酒
酒, 吉法 百香果香甜酒
酒, 吉法 葡萄柚香甜酒
酒, 吉法 水蜜桃香甜酒
酒, 吉法 玫瑰香甜酒
酒, 白朗麗葉酒-紅
酒, 白朗麗葉酒-粉紅
酒, 白朗麗葉酒
酒, 吉法 接骨木香甜酒
酒, 非洲巨象奶酒
酒, 卡魯哇咖啡香甜酒
酒, 三得利 巨峰紫葡萄香甜酒
酒, 加利安洛香甜酒
酒, 力加茴香香甜酒
酒, 三得利 蜜多麗蜜瓜香甜酒
酒, MB 柚子香甜酒
酒, MB 櫻桃香甜酒
酒, MB 藍香橙香甜酒
酒, MB 覆盆子香甜酒
酒, MB 檸檬草香甜酒
酒, MB 紫羅蘭橙花香甜酒(紫色)
酒, MB 黃柑橘香甜酒
酒, MB 紫羅蘭橙花香甜酒(透明)
酒, MB 荔枝香甜酒
酒, MB 棕可可香甜酒
酒, MB 荒唐查理百香果香甜酒
酒, MB 香蕉香甜酒
酒, MB 綠薄荷香甜酒
酒, MB 草莓香甜酒
酒, MB 香草香甜酒
酒, MB 椰子香甜酒
酒, MB 杏桃香甜酒
酒, MB 青蘋果香甜酒
酒, MB 杏仁香甜酒
酒, MB 黑醋栗香甜酒
酒, MB 白可可香甜酒
酒, MB 白薄荷香甜酒
酒, MB 白柑橘香甜酒
酒, MB 水蜜桃香甜酒
酒, MB 西瓜香甜酒
酒, DITA 荔枝香甜酒
酒, 三得利 藍柑橘香甜酒
酒, 安格仕 加勒比海蘭姆酒
酒, 老爺巴拿馬12年蘭姆酒
酒, 傑瑞水手 蘭姆酒
酒, 萊特XO珍藏蘭姆酒
酒, 英國馬里布椰子蘭姆酒
酒, 哈瓦那 古巴窖藏3年蘭姆酒
酒, 奇峰 精釀蘭姆酒
酒, 哈瓦那 古巴窖藏7年蘭姆酒
酒, 禮盒 普雷森 20週年典藏XO蘭姆酒
酒, 奇峰 黑桶蘭姆酒
酒, 普雷森 鳳梨蘭姆酒
酒, 普雷森 20週年典藏XO蘭姆酒
酒, 普雷森 黑蘭姆酒
酒, 普雷森 紅標黑蘭姆酒
酒, 普雷森 三星蘭姆酒
酒, 普雷森 巴貝多珍稀五年蘭姆酒
酒, 百家得 LIGHT蘭姆酒
酒, 百家得 黑蘭姆酒
酒, 百家得 8年陳釀蘭姆酒
酒, 牙買加 雷跟侄子白蘭姆酒
酒, 布格 特選蘭姆酒
酒, 布格 1888蘭姆酒
酒, 布格 陳年蘭姆酒
酒, 51 甘蔗蘭姆酒
酒, 外交官 12年特級精釀蘭姆酒
酒, 桑博拉 梅茲卡爾龍舌蘭
酒, 歐恩丹 銀龍舌蘭
酒, 歐恩丹 金龍舌蘭
酒, 禮盒 培恩銀樽龍舌蘭酒 狗年限量瓶
酒, 禮盒 培恩銀樽龍舌蘭酒 猴年限量瓶
酒, 培恩 磐石陳年龍舌蘭
酒, 培恩 波爾多陳年龍舌蘭
酒, 培恩 小樽彩虹組合
酒, 培恩 魔幻XO咖啡組合
酒, 培恩 銀樽龍舌蘭蜜蜂限量版
酒, 培恩 柑橘利口酒
酒, 培恩 魔幻XO利口酒組合
酒, 培恩 白金龍舌蘭
酒, 培恩 巨岩珍藏金樽龍舌蘭
酒, 培恩 巨岩銀樽龍舌蘭
酒, 培恩 巨岩金樽龍舌蘭
酒, 培恩 INORAN BARREL SELECT紀念龍舌蘭
酒, 培恩 銀樽龍舌蘭
酒, 培恩 金樽龍舌蘭
酒, 培恩 珍藏金樽龍舌蘭
酒, 培恩咖啡辣椒利口酒
酒, 培恩 芒果利口酒
酒, 唐.胡立歐 BLANCO龍舌蘭
酒, 培恩 萊姆利口酒
酒, 培恩 XO咖啡黑可可利口酒
酒, 唐.胡立歐 REPOSADO龍舌蘭
酒, 金快活 白龍舌蘭
酒, 唐.胡立歐 1942龍舌蘭
酒, 希瑪竇 銀龍舌蘭
酒, 希瑪竇 金龍舌蘭
酒, 櫻島 小正小蜜柑琴酒
酒, 櫻尾 限定版琴酒
酒, 鹿兒島 小正培茶琴酒
酒, 南非 凡波斯小批手工蒸餾琴酒
酒, 湯瑪士戴金 英倫小批次琴酒
酒, 櫻尾 經典原釀琴酒
酒, 義大利 班克士倫敦琴酒
酒, 絲塔朵琴酒
酒, 猴子47琴酒
酒, 植物學家琴酒
酒, 普利矛司 野莓琴酒
酒, 英國 高登 琴酒
酒, 普利矛司琴酒
酒, 海曼 黑刺李琴酒
酒, 海曼 老湯姆琴酒
酒, 英國 科倫蘇格蘭琴酒
酒, 英國 希普史密斯 倫敦琴酒
酒, 鬥牛犬倫敦琴酒
酒, 英人琴酒 24
酒, 紀凡(灰)杜松子香琴酒
酒, 紀凡-花果香琴酒
酒, 哈里斯琴酒
酒, 季之美 京都(勢)琴酒
酒, 季之美 京都琴酒
酒, 季之美 京都(茶)琴酒
酒, 英國亨利爵士琴酒
酒, 三號琴酒
酒, 六 日本琴酒
酒, 蘇托力蘇聯伏特加
酒, 歐帝邁伏特加
酒, 蘇托力金牌(黑標)伏特加
酒, 冰島 雷克伏特加
酒, 絕對伏特加 覆盆莓
酒, 絕對伏特加 蜜桃
酒, 絕對伏特加 檸檬
酒, 雪樹伏特加
酒, 雪樹伏特加(發光瓶)
酒, 黑騎士七次過濾伏特加
酒, 雪豹斯佩特小麥伏特加
酒, 皇冠 特級白蘭姆酒
酒, 野牛草伏特加
酒, 肯特1號伏特加
酒, 皇冠 伏特加
酒, 芬蘭伏特加
酒, 皇冠 金牌特級龍舌蘭
酒, 皇冠 南岸特級琴酒
酒, 皮亞薩克伏特加
酒, 法國灰雁 原味伏特加
酒, 絕對伏特加 西洋梨
酒, 艾絲芮德 熔合伏特加
酒, 波蘭 生命之水精餾伏特加96％
酒, 波蘭 生命之水精餾伏特加80%
酒, CIROC 椰子伏特加
酒, CIROC 紅莓伏特加
酒, LIME 紅石榴汁
酒, 萊姆汁
酒, LIME 藍石榴汁
酒, 健亮 檸檬原汁
酒, 蒂朵思手工伏特加
酒, 培恩 銀樽龍舌蘭墨西哥彩盒
酒, 匈牙利 茨瓦克白蘭地
酒, 皮爾蘋果白蘭地
酒, 皮耶費朗 1840一級干邑白蘭地
酒, 華冠 桑椹香甜酒
酒, 瑪妮香橙香甜酒
酒, 艾普羅香甜酒
酒, 安提卡芙蜜拉 經典義式苦艾酒
酒, 伊凡威廉蜂蜜波本威士忌香甜酒
酒, LUXARDO 黑櫻桃酒
酒, 雅沐特 雙印度 黑萊姆酒
酒, 火焰艾碧斯
酒, 皮耶費朗干邑橙酒
酒, 聖露西亞 白蘭姆酒
酒, 克萊蒙 法式白蘭姆酒
酒, 所羅門 大象香料琴酒
酒, 賓堡 倫敦金桔酒
酒, 柏林人琴酒
酒, 美國 F.E.W AMERICAN GIN 精選琴酒
酒, 美國 F.E.W BARREL GIN 精選琴酒
酒, 美國 F.E.W BREAKFAST GIN 精選琴酒
酒, 聖喬治甘裸麥 琴酒
酒, 坦奎瑞琴酒
酒, TANQUERAY TEN 琴酒
酒, 辣台妹金門高粱58度
酒, 辣台妹金門高粱38度
酒, 玉泉 珍藏30年陳年紹興 第15屆總統就職紀念酒
酒, 玉山 台灣原窖十年陳高 第15屆總統就職紀念酒
酒, 金酒典藏珍品高粱禮盒(紅)(附雙杯)
酒, 金酒典藏珍品高粱(黑)
酒, 金門陳年高粱 22年
酒, 金門陳年高粱 15年
酒, 金門陳年高粱(紅)
酒, 金門高梁(黑金剛)陳年特級高粱 2018年
酒, 罈裝(黃)金門大高粱
酒, 罈裝(白)特級高粱酒
酒, 禮盒 稜轎腳 大甲媽58度金門高粱慶生聯名酒組(2入)
酒, 金門高梁雙金禮盒
酒, 金門陳年高梁 8年(紫)
酒, 58°特優金門高梁酒(黑金龍)
酒, 金門高粱第十三任(馬英九)總統就職紀念酒
酒, 58°金門高粱酒
酒, 38°金門高粱酒
酒, 金門紅標高粱58%
酒, 賀茂鶴 一滴入魂 純米吟釀
酒, 白真弓 譽 純米大吟釀
酒, 久保田 萬壽 純米大吟釀
酒, 獺祭 三割九分 純米大吟釀
酒, 澤乃井 東京藏人 純米吟釀
酒, 八海山 純米吟釀
酒, 白鶴 大吟釀
酒, 梅乃宿 飛鳥 純米金箔入 *季節限定*
酒, 喜多屋 吟之曈 大吟釀
酒, 黑松白鹿 慶祝清酒
酒, 清水 作 INPRESSION G (期間限定)
酒, 清水 作 INPRESSION M (期間限定)
酒, 清水 作 INPRESSION H (期間限定)
酒, 梵 夢是正夢 純米大吟釀
酒, 真澄 純米吟釀 辛口生一本
酒, 白鶴 翔雲純米大吟釀
酒, 玉乃光 特饌純米吟釀
酒, 月桂冠 新月 清酒
酒, 獺祭 純米大吟釀45
酒, 白真弓 和 大吟釀原酒
酒, 秀鳳 純米吟釀 BEACH SIDE
酒, 東之麓 純米吟釀 艷姬
酒, 秀鳳 二割二分 純米大吟釀 山田穂
酒, 秀鳳 二割二分 純米大吟釀 出羽綺羅利 *附專屬RIEDEL杯乙個*
酒, 梅乃宿 吟 純米大吟釀
酒, 獺祭 純米大吟釀 發泡濁酒45
酒, 獺祭 磨之先驅
酒, 獺祭 二割三分 純米大吟釀
酒, 龍神 尾瀨雪融 純米大吟釀 40%
酒, 龍神 尾瀨雪融 純米大吟釀 山田錦50%
酒, 中尾 誠鏡 青瓶 吟釀
酒, 中尾 誠鏡 竹原 純米酒
酒, 賀茂鶴 特製黃金大吟釀
酒, 玉風味 純米吟釀 IT’S THE KEY
酒, 賀茂鶴 超特撰 特等酒
酒, 喜多屋 寒山水 純米大吟釀
酒, 喜多屋 九州生冷用 本釀造
酒, 清水 鈴鹿川 日本純米吟釀
酒, 清水 作 大智 大吟釀 雫酒
酒, 清水 作 陽山一滴水 大吟釀
酒, 清水 作 Z 純米吟釀
酒, 清水 作 穗乃智 純米酒
酒, 梵 吟撰 純米大吟釀
酒, 作 雅乃智 純米大吟釀
酒, 梵 艷 純米大吟釀
酒, 梵 超吟 純米大吟釀
酒, 大關 相撲清酒
酒, 梵 GOLD 純米大吟釀
酒, 梵 特撰 純米大吟釀
酒, 真澄 純米吟釀
酒, 英勳 純米大吟釀
酒, 洗心 純米大吟釀
酒, 後鬼 純米大吟釀 無濾過
酒, 小角 純米大吟釀 無濾過
酒, 前鬼 純米大吟釀 無濾過
酒, 大關 長兵衛 大吟釀清酒
酒, DHC 悠天 純米吟釀
酒, 玉乃光 純米吟釀 特撰辛口
酒, 白鶴 山田錦 純米吟釀
酒, 玉乃光 冷藏酒 純米吟釀
酒, 玉乃光 備前雄町 純米大吟釀
酒, 月桂冠 清酒
酒, 月山 純米吟釀 出雲
酒, 月山 純米大吟釀
酒, 天壽 鳥海山 純米大吟釀
酒, 天壽 雪曆 純米吟釀
酒, 天壽 清澄辛鳥海山 本釀造
酒, 天狗舞 50 純米大吟釀
酒, 天狗舞 山廢 純米酒
酒, 庭之鶯 鶯印 濁酒
酒, 庭之鶯 純米吟釀 60 (男生)
酒, 庭之鶯 鶯辛
酒, 庭之鶯 純米大吟釀 50 (女生)
酒, 久保田 碧壽 純米大吟釀
酒, 月桂冠清酒 一口杯(紅標) (本商品需一次購買5杯)
酒, 久保田 紅壽 純米吟釀
酒, 久保田 吟釀原酒
酒, 久保田 千壽 吟釀
酒, 大關清酒 一口杯 (本商品需一次購買5杯)
酒, 梅乃宿 葛城 純米大吟釀
酒, 梅乃宿 備前雄町 純米大吟釀
酒, 白鶴 特撰 純米吟釀
酒, 白鶴 淡雪 氣泡清酒
酒, 白鶴 上撰生貯藏清酒
酒, 白鶴 山田錦 特撰 特別純米酒
酒, 白鶴 山田穗 超特撰 純米大吟釀
酒, 白鶴 小百合 特撰純米濁酒
酒, 八海山 清酒
酒, 八海山 特別本釀造
酒, 八海山 特別純米酒
酒, 七賢 山之霞SPARKLING
酒, 白鶴 一口杯圓滿 純米杯酒 (本商品需一次購買5杯)
酒, 小西 冷榨大吟釀 金
酒, 八海山 瓶內2次發酵 AWA氣泡酒
酒, 澤乃井 蒼天原酒 純米吟釀 *限量商品*
酒, 清水 鈴鹿川 中形菊 純米大吟釀
酒, 勝山 獻 袋取 純米吟釀
酒, 勝山 昇龍 袋取 純米大吟釀 *數量限定*
酒, MIYASAKA 美山錦
酒, 七賢 風凜美山 純米酒
酒, 七賢 純米生酒
酒, 七賢 天鵞絨之味 純米吟釀
酒, 七賢 絹之味 純米大吟釀
酒, 七賢 星之輝 SPARKLING
酒, 鹿野 KISS OF FIRE 純米大吟釀
酒, OHMINE 純米吟釀
酒, OHMINE 兩粒米 純米大吟釀
酒, OHMINE 一粒米 純米大吟釀
酒, 獺祭 二割三分 * 限定設計紙盒版
酒, 白鶴 浮世繪純米大吟釀
酒, 賀茂鶴 鮮榨 純米酒
酒, 白真弓 岐阜九藏 純米酒
酒, 奧之松 釀侍 黑 純米大吟釀
酒, 白鶴 圓滿清酒 (紙盒)
酒, 奧之松 春之初榨 特別純米
酒, 天狗舞 春櫻滓絡 純米大吟釀生酒 (春季限定)
酒, 天上夢幻 大吟釀 山田錦
酒, 凱歌皇牌香檳 裸瓶
酒, 香檳王發光瓶2008
酒, 路易侯德爾 年份粉紅水晶香檳1995
酒, 路易侯德爾 水晶香檳酒神1996
酒, 路易侯德爾 水晶香檳酒神1995
酒, 曼波舞者不甜氣泡酒
酒, 保羅傑香檳
酒, 保羅傑 邱吉爾香檳
酒, 路易侯德爾 年份粉紅水晶香檳12
酒, 庫克年份香檳2006
酒, DHONDT-GRELLET LES TERRES FINES 1ER CRU BLANC DE BLANCS EXTRA BRUT NV
酒, DHONDT-GRELLET DANS UN PREMIER TEMPS BRUT NV
酒, MARC HÉBRART 1ER CRU ROSÉ BRUT NV
酒, MARC HÉBRART SÉLECTION 1ER CRU BRUT NV
酒, 葛萊美酒莊 典藏香檳(無年份)
酒, 沙龍 梅尼爾特級年份香檳2006
酒, 黛拉夢 白中白年份香檳2012
酒, 黛拉夢 白中白無年份香檳
酒, 黛拉夢 粉紅香檳
酒, 邦飛 蘿莎單一園汽泡紅酒
酒, 酩悅香檳 2020情人節限量金瓶
酒, 黛拉夢 經典香檳
酒, 庫克 安邦內黑鑽香檳 1998
酒, 蘿朵莊園 粉紅百合 微氣泡酒
酒, 庫克羅曼尼鑽石香檳2003
酒, 庫克羅曼尼鑽石香檳2000
酒, 庫克收藏家香檳1990
酒, 沛芙希夢 特級園荖藤年份香檳2008
酒, 伯蘭爵 007龐德25香檳
酒, 伯蘭爵 頂級年份香檳12
酒, 伯蘭爵 RD年份香檳2004
酒, 法國夢粉紅香檳
酒, 法國夢香檳(1.5L)
酒, 酩悅粉紅香檳 1.5L
酒, 酩悅香檳 香檳杯組合
酒, 酩悅年份粉紅香檳 2009年(裸瓶)
酒, 酩悅香檳 6L(木盒)
酒, 匯雅香檳
酒, 凱歌金牌年份香檳2008(裸瓶)
酒, 凱歌皇牌香檳鉛筆禮盒
酒, 凱歌皇牌香檳(1500ML)
酒, 凱歌皇牌粉紅香檳
酒, 皮耶爵香檳(1.5L)
酒, 皮耶爵花漾年華香檳(1500ML)
酒, 慕卡酒莊 CAVA汽泡酒16
酒, 皮耶爵花樣年華白中白年份香檳2006
酒, 路易侯德爾 特級香檳
酒, 路易侯德爾 年份香檳12
酒, 凱歌粉紅香檳貴婦2004(裸瓶)
酒, 法國 羅蘭偉大世紀香檳
酒, 潘葛詩 粉紅玫瑰氣泡酒
酒, 潘葛詩 氣泡酒
酒, 酩悅香檳
酒, 酩悅香檳 150週年紀念禮盒
酒, 皮耶爵花樣年華白中白年份香檳2004
酒, 路易侯德爾 水晶香檳12
酒, 香檳王窖藏經選 P2 2000年份香檳
酒, 粉紅香檳王2005年
酒, 香檳王2016年限量瓶(年份2006年)
酒, 粉紅香檳王2014年限量瓶(年份2003)
酒, 智利 恩圖拉堡酒莊 微甜氣泡酒19
酒, 酩悅香檳 冰桶組合
酒, 法國艾斯莊園 奧秘
酒, 杜瓦樂華「仕女」香檳
酒, 巴洛亞 水蜜桃氣泡酒
酒, 巴洛亞荔枝氣泡酒
酒, 巴洛亞雨果氣泡酒
酒, 巴洛亞哈密瓜氣泡酒
酒, 義大利 TOSO 汽泡酒微甜
酒, 路易侯德爾 年份水晶香檳02
酒, 法國夢香檳
酒, 酩悅香檳 保冷禮盒
酒, 酩悅粉紅香檳
酒, 酩悅粉紅香檳 情人節限定
酒, 酩悅香檳 頸帶發光瓶
酒, 酩悅年份粉紅香檳 2008年(裸瓶)
酒, 酩悅香檳 MCIII
酒, 酩悅香檳 3L(木盒)
酒, 酩悅年份香檳 2009年(裸瓶)
酒, 匯雅粉紅香檳禮盒
酒, 酩悅香檳(375ML)
酒, 匯雅鼎極香檳 2004年
酒, 凱歌皇牌香檳
酒, 凱歌皇牌粉紅香檳(讓愛升起)
酒, 香檳王2008年
酒, 粉紅香檳王2003年(裸瓶)
酒, 香檳王窖藏經選 P2 1998年份香檳
酒, 法國 羅蘭粉紅香檳(燦金幻夢)典藏LOGO限定版
酒, 香檳王(1.5L)
酒, 路易侯德爾 粉紅年份香檳13
酒, 庫克166陳年香檳
酒, 庫克陳年香檳禮盒
酒, 庫克粉紅香檳
酒, 庫克年份香檳2004(裸瓶)
酒, 庫克163陳年香檳
酒, 沛芙希夢 特級園荖藤年份香檳2006
酒, 拍譜香檳
酒, 伯蘭爵 頂級粉紅年份香檳2007
酒, 伯蘭爵 特級粉紅香檳
酒, 伯蘭爵 特級香檳
酒, 伯蘭爵 RD年份香檳2002
酒, 皮耶爵花樣年華香檳2007藝術限量瓶
酒, 皮耶爵花漾年華年份香檳(6L)
酒, 皮耶爵花漾年華年份香檳2012
酒, 皮耶爵特級粉紅香檳
酒, 皮耶爵香檳
酒, 勃根地 保羅夏洛酒莊 OEIL DE PERDRIX 氣泡酒 NV
酒, 勃根地 保羅夏洛酒莊 勃根地氣泡酒 NV
酒, 施洛斯瓦亨漢 藍天氣泡酒
酒, 德國韓可氣泡酒
酒, 義大利馬汀尼雅斯堤氣泡酒
酒, 義大利 羅密歐&茱麗葉普羅塞克氣泡酒
酒, 菲斯娜黑緞帶氣泡酒
酒, 菲斯娜粉紅緞帶玫瑰氣泡酒
酒, 艾米亞娜 返璞歸真有機氣泡酒
酒, 傑卡斯氣泡酒
酒, 寶貝羊 灰皮諾粉紅氣泡酒
酒, 義大利 TOSO 普羅賽克氣泡酒
酒, 香桐 氣泡酒雙入禮盒
酒, 香桐 粉紅氣泡酒
酒, 柯夢波丹野莓氣泡酒
酒, 香桐 氣泡酒
酒, 柯夢波丹原味氣泡酒
酒, 米娜多 黃牌普塞克氣泡酒
酒, 米娜多 黑牌普塞克氣泡酒
酒, 8號香檳
酒, 黑桃王佳人粉香檳
酒, 黑桃王璀璨金香檳
酒, 黑桃王紫嫣紅香檳
酒, 法國 艾雅拉梅傑香檳(時尚鋁管裝)
酒, 黑桃王白中白香檳
酒, 黑桃王果嶺綠香檳
酒, 皮耶爵花樣年華白中白2004藝術限量瓶
酒, 皮耶爵花樣年華粉紅香檳2005秋季限定版
酒, 義大利 紅隼莊園 特級微甜氣泡紅葡萄酒
酒, 白鶴 梅酒原酒
酒, 白鶴 梅酒原酒 三年貯藏
酒, 白鶴 柚子酒
酒, 梅乃宿 生柚酒 *季節限定*
酒, 梅乃宿 柚子酒
酒, 梅乃宿 細果粒梅子酒
酒, 梅乃宿 細果粒白桃酒
酒, 梅乃宿 細果粒蘋果酒
酒, 梅乃宿 細果粒檸檬酒
酒, 梅乃宿 蜜柑酒
酒, 梅乃宿 梅酒
酒, 梅乃宿 黑標18度梅酒
酒, 研釀 芒果梅酒
酒, 研釀 草莓梅酒 *季節限定*
酒, 三得利 山崎焙煎熟成樽梅酒
酒, 三得利 山崎焙煎樽梅酒
酒, 梅乃宿 細果粒柑橘酒 *季節限定*
酒, 龍神 尾瀨雪融 柚子檸檬酒
酒, 庭之鶯 鶯 特撰梅酒 (含梅肉)
酒, 藏元之梅酒
酒, 八咫鳥 櫻花酒
酒, CHOYA 宇治茶梅酒
酒, 芙樂夏 蜜李酒
酒, CHOYA 紀州梅酒
酒, 杜之藏 紫蘇梅酒
酒, 萬歲樂 加賀梅酒
酒, 伊勢萬 生薑酎
酒, 伊勢萬 香酸柚子酎
酒, 伊勢萬 紫蘇梅酎
酒, 瑞穗 梅美人
酒, 老松 天空之月 樽熟梅酒
酒, ASAHI朝日啤酒 (12瓶)
酒, ASAHI朝日啤酒 (24瓶)
酒, ASAHI朝日啤酒 (24罐)
酒, ASAHI朝日啤酒零糖質 (24罐)
酒, ASAHI朝日黑啤酒 (24罐)
酒, ASAHI朝日啤酒本生藍 (24罐)
酒, KIRIN麒麟一番搾啤酒日本 (12瓶)
酒, KIRIN麒麟一番搾啤酒 (24瓶)
酒, KIRIN麒麟一番搾啤酒 (24罐)
酒, SUNTORY三得利頂級啤酒 (24瓶)
酒, SUNTORY三得利頂級啤酒 (12瓶)
酒, SUNTORY三得利頂級啤酒 (24罐)
酒, SAPPORO三寶樂優質啤酒 (12瓶)
酒, ORION啤酒 (12瓶)
酒, BUDWEISER百威啤酒 (12瓶)
酒, BUDWEISER百威金尊啤酒 (12瓶)
酒, SOMERSBY夏日蜜接骨木花 (24瓶)
酒, SOMERSBY夏日蜜蘋果酒 (24瓶)
酒, TAIWAN BEER金牌啤酒 (24瓶)
酒, TAIWAN BEER台灣啤酒18生啤 (12瓶)
酒, ESTRELLA DAMM INEDIT西班牙金星啤酒
酒, ESTRELLA DAMM INEDIT西班牙金星啤酒
酒, GUINNESS健力士黑生啤酒 (24罐)
酒, BUDWEISER百威啤酒 (24瓶)
酒, BUDWEISER百威啤酒 (24罐)
酒, CORONA可樂娜啤酒 (24瓶)
酒, CARLSBERG嘉士伯啤酒 (24罐)
酒, 1664可倫堡 原味啤酒 (24瓶)
酒, 1664可倫堡 白啤酒 (24瓶)
酒, SINGHA勝獅啤酒 (24瓶)
酒, ERDINGER艾丁格小麥啤酒 (12瓶)
酒, ERDINGER艾丁格小麥啤酒 (12瓶)
酒, ERDINGER艾丁格黑啤酒 (12瓶)
酒, ERDINGER艾丁格黑啤酒 (12瓶)
酒, HOEGAARDEN比利時豪格登啤酒 (24瓶)
酒, HOEGAARDEN比利時豪格登覆盆莓啤酒 (24瓶)
酒, SAMUEL ADAMS美國波士頓啤酒 (24瓶)
酒, PERONI義大利沛羅尼啤酒 (24瓶)
酒, STELLA ARTOIS 時代啤酒 330ML(24瓶)
酒, BODDINGTONS伯丁罕啤酒 (24罐)
酒, BREWDOG釀酒狗龐客IPA啤酒 (12瓶)
