國際名牌飾品, Tiffany&Co. 18K玫瑰金 Smile微笑項鍊(小)
國際名牌飾品, Tiffany&Co. Return to Tiffany 迷你經典雙心純銀項鍊
國際名牌飾品, Tiffany&Co. 經典小圓珠純銀項鍊
國際名牌飾品, Tiffany&Co. Return to Tiffany 經典刻字愛心純銀T字扣手鍊
國際名牌飾品, Tiffany&Co. Elsa Peretti 鏤空愛心純銀項鍊
國際名牌飾品, Tiffany&Co.鏤空羅馬數字環型925純銀項鍊(小)
國際名牌飾品, Tiffany&Co. Return to Tiffany 迷你雙心純銀18吋項鍊 經典藍
國際名牌飾品, Tiffany&Co. 18K玫瑰金 Smile微笑項鍊(微型)
國際名牌飾品, Tiffany&Co. 0.03克拉圓形鑽石純銀項鍊
國際名牌飾品, Tiffany&Co. 18K玫瑰金 Smile微笑手鍊
國際名牌飾品, Tiffany&Co. Return to Tiffany 迷你雙色雙心琺瑯純銀項鍊 桃粉色
國際名牌飾品, Tiffany&Co. Open Heart 純銀愛心墜飾項鍊(小)
國際名牌飾品, Tiffany&Co. Elsa Peretti BEAN 相思豆項鍊(中)
國際名牌飾品, Tiffany&Co. T系列 微笑Smile 18K白金項鍊(迷你)
國際名牌飾品, Tiffany&Co. 0.05克拉圓形鑽石純銀項鍊
國際名牌飾品, Tiffany&Co. 925純銀珠扣式線圈手環
國際名牌飾品, Tiffany&Co. 相思豆項鍊
國際名牌飾品, Tiffany&Co. 18K玫瑰金 相思豆項鍊
國際名牌飾品, Tiffany&Co. 紐約工業風扣環925純銀手鍊
國際名牌飾品, Tiffany&Co. 金銀雙色迷你愛心墜飾項鍊
國際名牌飾品, Tiffany&Co. Loving Heart 純銀項鍊(迷你)
國際名牌飾品, Pandora 潘朵拉 經典925純銀手鍊手環(17cm/多款可選)
國際名牌飾品, Tiffany&Co. Return to Tiffany 迷你雙色雙心琺瑯純銀項鍊 紅色
國際名牌飾品, Tiffany&Co. Tiffany Blue 紙杯造型骨瓷杯 (1組2入)
國際名牌飾品, Tiffany&Co. Return to Tiffany 迷人愛心圓珠純銀手鍊
國際名牌飾品, Tiffany&Co. Return to Tiffany 經典藍色琺瑯愛心純銀項鍊
國際名牌飾品, Tiffany&Co. Elsa Peretti BEAN 相思豆手鍊
國際名牌飾品, TIFFANY&Co. T Smile 18K玫瑰金鑽石鑲嵌微笑墜飾項鍊
國際名牌飾品, Pandora 潘朵拉 經典925純銀項鍊 粗鍊
國際名牌飾品, Tiffany&Co. Return to Tiffany 迷你雙色雙心純銀項鍊 經典藍
國際名牌飾品, Tiffany&Co. Paloma Picasso x型吊墜 純銀項鍊(迷你)
國際名牌飾品, Tiffany&Co. Elsa Peretti 迷你18K玫瑰金鏤空愛心項鍊
國際名牌飾品, Tiffany&Co. Loving Heart 純銀項鍊
國際名牌飾品, Tiffany&Co. 無限的愛純銀雙鍊項鍊
國際名牌飾品, (無卡分期12期)Tiffany&Co. 0.03克拉圓形鑽石純銀項鍊
國際名牌飾品, Tiffany&Co. Open Heart 愛心墜飾純銀手鍊
國際名牌飾品, Tiffany & Co. 0.17克拉鑽石18K玫瑰金項鍊
國際名牌飾品, Tiffany&Co. 致青春 16 粉藍琺瑯方牌 925純銀項鍊
國際名牌飾品, Tiffany&Co. 律動波紋925純銀窄版手環
國際名牌飾品, Tiffany&Co. 愛情幸運心鑲鑽石925純銀項鍊
國際名牌飾品, Tiffany&Co. 愛心鑲粉紅寶石墜飾純銀項鍊
國際名牌飾品, TIFFANY&Co. 同心結幸運之鑰純銀鍊墜
國際名牌飾品, SWAROVSKI施華洛世奇 經典銀天鵝水晶項鍊
國際名牌飾品, Tiffany&Co. 六芒星純銀項鍊
國際名牌飾品, SWAROVSKI施華洛世奇 LIFELONG HEART 水晶手鐲
國際名牌飾品, HERMES 經典Pop H立體簍空橢圓LOGO項鍊(玫瑰金-白)
國際名牌飾品, CALVIN KLEIN Wonder 系列三環三色個性美時尚戒指-6
國際名牌飾品, TIFFANY&Co. 經典品牌鉑金結婚戒指(銀)
國際名牌飾品, SWAROVSKI 施華洛世奇 黑天鵝水晶耳環
國際名牌飾品, Tiffany&Co. Paloma Picasso 經典鏤空愛心雙邊接鍊純銀項鍊(小)
國際名牌飾品, SWAROVSKI 施華洛世奇 SOLITAIRE簡約圓形水晶玫瑰金耳環
國際名牌飾品, SWAROVSKI 施華洛世奇 璀璨圓形裸鑽銀色項鍊
國際名牌飾品, TIFFANY&Co. 經典品牌LOGO 18K金鑽石結婚戒指
國際名牌飾品, Pandora 潘朵拉 經典925純銀粗鍊項鍊
國際名牌飾品, CALVIN KLEIN Hook 系列玫瑰金戒指-5
國際名牌飾品, GEORG JENSEN 喬治傑生-LOVE KNOT純銀戒指
國際名牌飾品, SWAROVSKI施華洛世奇  ATTRACT SOUL水晶項鍊
國際名牌飾品, TIFFANY&Co. PT950心形鑰匙鑲鑽吊墜項鍊(銀)
國際名牌飾品, Pandora 潘朵拉 標誌愛心釦 925純銀硬環手環
國際名牌飾品, 施華洛世奇 Infinity Heart 鍍多色心形項鏈
國際名牌飾品, Cartier  SOLITAIRE 1895系列圓型四爪0.35克拉鑽石鉑金戒指
國際名牌飾品, SWAROVSKI 施華洛世奇GINGER手鐲
國際名牌飾品, CALVIN KLEIN Exclusive 系列三環三色亮麗時尚手環-S
國際名牌飾品, Pandora 潘朵拉 玫瑰金愛心扣頭 925純銀 蛇鍊手鍊手環
國際名牌飾品, HERMES 經典Pop H立體簍空橢圓LOGO項鍊(栗棕X金)
國際名牌飾品, Tiffany&Co. Tiffany1837 簡約刻字連鎖圓環純銀項鍊
國際名牌飾品, TIFFANY&Co. 925純銀網狀簍空造型寬版手環(銀)
國際名牌飾品, Cartier卡地亞TRINITY DE CARTIER 三色金環造型18K婚戒
國際名牌飾品, Cartier TRINITY DE CARTIER三色金環造型18K婚戒(小型款)
國際名牌飾品, CALVIN KLEIN  Hook 系列經典時尚玫瑰金手環-M
國際名牌飾品, Tiffany&Co. PT950圓型六爪0.22克拉鑽石戒指(#10.5)
國際名牌飾品, Georg Jensen 喬治傑生  1989年度綠玉髓純銀項鍊
國際名牌飾品, SWAROVSKI施華洛世奇 DAZZLING SWAN 藍色水晶項鍊
國際名牌飾品, SWAROVSKI 施華洛世奇 SUBTLE DOUBLE 玫瑰金手鍊
國際名牌飾品, Pandora 潘朵拉 圓形標誌鑲鋯釦環 蛇環純銀手鍊手環
國際名牌飾品, Cartier TRINITY DE CARTIER三色金環造型18K婚戒-小型款-#47
國際名牌飾品, Cartier TRINITY DE CARTIER 18K寬版三色三環戒
國際名牌飾品, Georg Jensen 喬治傑生  1995年度 紫水晶復刻純銀項鍊
國際名牌飾品, Georg Jensen 喬治傑生- MOONLIGHT GRAPES 純銀項鍊
國際名牌飾品, TIFFANY&Co. 經典HEARTS系列切割真鑽鑲嵌心型吊墜鉑金項鍊(小-銀)
國際名牌飾品, SWAROVSKI 施華洛世奇 NICE璀璨水晶羽毛造型金色耳環
國際名牌飾品, Georg Jensen 喬治傑生 - OFFSPRING  純銀簡約戒指
國際名牌飾品, CHANEL 經典CC LOGO刻紋造型穿式耳環(金色)
國際名牌飾品, Pandora 潘朵拉 經典925純銀可調式項鍊
國際名牌飾品, Pandora 潘朵拉 閃亮的心鑲鋯琺瑯 925純銀戒指
國際名牌飾品, Cartier卡地亞 經典LOVE RING 18K白K金婚戒 (#47)
國際名牌飾品, Cartier卡地亞 經典LOVE RING 18K白K金細板男婚戒 (#56)
國際名牌飾品, SWAROVSKI 施華洛世奇 SOLITAIRE三爪水晶項鍊
國際名牌飾品, SWAROVSKI施華洛世奇 LIFELONG HEART 圓環雙色水晶穿孔耳環
國際名牌飾品, SWAROVSKI 施華洛世奇 ATTRACT 玫瑰金水晶項鍊
國際名牌飾品, Pandora 潘朵拉 Essence系列细鍊+串珠 925純銀手鍊手環
國際名牌飾品, Georg Jensen 喬治傑生 - CURVE 純銀戒指
國際名牌飾品, CALVIN KLEIN  Hook 系列經典細緻白鋼手環-S
國際名牌飾品, SWAROVSKI 施華洛世奇 迷你黑天鵝項鍊-玫瑰金鍊
國際名牌飾品, SWAROVSKI 施華洛世奇 Lifelong Bow立體蝴蝶結水晶銀色項鍊
國際名牌飾品, Georg Jensen 喬治傑生 - 限量纯银加大版項鍊 紫丁香
國際名牌飾品, CHANEL 香奈兒經典CC LOGO 大小珍珠鑲嵌穿式耳環(金)
國際名牌飾品, Pandora 潘朵拉 愛的豆莢 925純銀手鍊手環
國際名牌飾品, SWAROVSKI 施華洛世奇 浮動璀璨水晶水滴造型玫瑰金項鍊
國際名牌飾品, SWAROVSKI施華洛世奇 Further水晶項鍊
國際名牌飾品, Pandora 潘朵拉 Moments系列 O型皇冠標誌鑲鋯 蛇環純銀手鍊手環
國際名牌飾品, Pandora 潘朵拉 硬環圓珠釦純銀手鍊手環
國際名牌飾品, Georg Jensen 喬治傑生 - 限量纯银加大版項鍊 紫丁香
國際名牌飾品, Georg Jensen 喬治傑生 - MARCIA 純銀鑽石戒指
國際名牌飾品, TIFFANY&Co. 經典750黃K金交叉樣式穿式耳環(金)
國際名牌飾品, SWAROVSKI施華洛世奇 米奇Y形玫瑰金水晶項鍊
國際名牌飾品, SWAROVSKI 施華洛世奇 璀璨水晶圓形造型銀色垂墜耳環
國際名牌飾品, SWAROVSKI 施華洛世奇蝴蝶結項鍊
國際名牌飾品, Pandora 潘朵拉 璀璨密鑲鋯 玫瑰金色圈形純銀耳環
國際名牌飾品, SWAROVSKI施華洛世奇 銀色蝴蝶結水晶項鍊
國際名牌飾品, HERMES Pop H 經典立體圓弧設計項鍊(粉x銀鍊)
國際名牌飾品, Georg Jensen 喬治傑生 - OFFSPRING 18K黃金項鍊
國際名牌飾品, TIFFANY&Co. Paloma Picasso系列X墜飾925純銀K金項鍊
國際名牌飾品, SWAROVSKI 施華洛世奇 SOLITAIRE經典水晶鏈墜銀色項鍊
國際名牌飾品, CHANEL 經典珍珠鑲嵌雙C LOGO淡粉色飾邊造型穿式耳環(淡粉X金)
國際名牌飾品, SWAROVSKI 施華洛世奇 SYMBOLIC STAR璀璨水晶繁星玫瑰金耳環
國際名牌飾品, Cartier卡地亞LOGO CARTIER系列雙C圖案18K白K金鑲鑽男婚戒 (#57)
國際名牌飾品, SWAROVSKI 施華洛世奇 SYMBOLIC璀璨水晶神秘夜月玫瑰金耳環
國際名牌飾品, Pandora 潘朵拉 璀璨鑲鋯愛之環 925純銀戒指
國際名牌飾品, SWAROVSKI 施華洛世奇 MAGIC璀璨水晶雪花鏈墜玫瑰金項鍊
國際名牌飾品, HERMES 經典Pop H立體簍空橢圓LOGO項鍊(玫瑰金X珊瑚紅)
國際名牌飾品, Pandora 潘朵拉 兩心相依鑲鋯 純銀墜飾 串珠
國際名牌飾品, Georg Jensen 2001年度琥珀純銀項鍊
國際名牌飾品, SWAROVSKI 施華洛世奇 SWAN LAKE 璀璨水晶天鵝鍊墜銀色項鍊
國際名牌飾品, GEORG JENSEN 喬治傑生-OFFSPRING 環扣純銀項鍊 (大)
國際名牌飾品, SWAROVSKI施華洛世奇LOUISON PEARL水晶項鍊
國際名牌飾品, Georg Jensen 喬治傑生 - 限量纯银加大版項鍊 紅玉髓x綠瑪瑙
國際名牌飾品, Georg Jensen 喬治傑生 - TORUN 18K黃金純銀戒指
國際名牌飾品, CALVIN KLEIN Hook 系列純粹經典雙色手環-M
國際名牌飾品, CALVIN KLEIN Tune 系列方塊造型白鋼項鍊(可調長度)
國際名牌飾品, CHANEL 經典雙C LOGO簍空造型戒指(金)
國際名牌飾品, SWAROVSKI施華洛世奇 LIFELONG BOW水晶套組(項鍊+針式耳環)
國際名牌飾品, Georg Jensen 喬治傑生 - OFFSPRING18K玫瑰金項鍊
國際名牌飾品, Pandora 潘朵拉 鏤空愛心 垂墜純銀墜飾
國際名牌飾品, CALVIN KLEIN Breathe 系列玫瑰金雙色經典手環-M
國際名牌飾品, Georg Jensen 喬治傑生 2020年度黑蝶貝純銀項鍊
國際名牌飾品, SWAROVSKI施華洛世奇 BELLA HEART 水晶穿孔耳環
國際名牌飾品, Pandora 潘朵拉 墜飾手環包裝盒
國際名牌飾品, CALVIN KLEIN Boost 系列個性型男雙色手環
國際名牌飾品, SWAROVSKI 施華洛世奇 SYMBOLIC 手鐲
國際名牌飾品, SWAROVSKI施華洛世奇 SYMBOLIC TREE OF LIFE 水晶穿孔耳環
國際名牌飾品, Pandora 潘朵拉 紫色勿忘我花朵 隔間珠 純銀墜飾
國際名牌飾品, SWAROVSKI 施華洛世奇 POWER璀璨水晶天鵝標誌纏繞式手環手鍊 暗灰色
國際名牌飾品, Pandora 潘朵拉 經典925純銀手鍊手環(18cm/多款可選)
國際名牌飾品, SWAROVSKI施華洛世奇 ICONIC SWAN 玫瑰金水晶項鍊
國際名牌飾品, SWAROVSKI 施華洛世奇 璀璨漸層水晶天鵝造型銀色耳環
國際名牌飾品, SWAROVSKI 施華洛世奇 黑天鵝玫瑰金項鍊
國際名牌飾品, CALVIN KLEIN Brilliant 系列閃耀香檳金晶鑽戒指-6
國際名牌飾品, SWAROVSKI 施華洛世奇 Penélope Cruz璀璨水晶星月玫瑰金耳環
國際名牌飾品, Pandora 潘朵拉 手環包裝盒
國際名牌飾品, HERMES 經典Pop H立體簍空橢圓LOGO項鍊(象牙白X銀)
國際名牌飾品, CK Calvin Klein 雅致皇冠造型戒指(KJ5DPR1001)
國際名牌飾品, Georg Jensen 喬治傑生 - INFINITY 無限純銀項鍊
國際名牌飾品, Pandora 潘朵拉 閃耀煙花扣頭 925純銀硬環手鍊手環
國際名牌飾品, Georg Jensen 喬治傑生 1997復刻年度 灰色月光石純銀項鍊
國際名牌飾品, Georg Jensen 喬治傑生 - OFFSPRING 設計師純銀耳環
國際名牌飾品, SWAROVSKI 施華洛世奇 ATTRACT璀璨水晶方型銀色項鍊
國際名牌飾品, Georg Jensen 喬治傑生 - OFFSPRING 純銀手鐲
國際名牌飾品, SWAROVSKI 施華洛世奇Circle金色項鍊
國際名牌飾品, Pandora 潘朵拉 串珠包裝盒 中型
國際名牌飾品, HERMES 經典Pop H立體簍空橢圓LOGO項鍊(栗棕X玫瑰金)
國際名牌飾品, Pandora 潘朵拉 鏤空愛心鑲鋯 純銀墜飾 串珠
國際名牌飾品, Georg Jensen 喬治傑生 - 2020 HERITAGE年度項鍊 紫龍晶
國際名牌飾品, CHANEL 經典雙C LOGO珍珠寶石造型項鍊(金)
國際名牌飾品, Pandora 潘朵拉 迪士尼系列小鹿斑比 垂墜純銀墜飾 串珠
國際名牌飾品, Georg Jensen 2017年度 方納石純銀項鍊
國際名牌飾品, Georg Jensen 喬治傑生- MOONLIGHT GRAPES 純銀手鍊
國際名牌飾品, SWAROVSKI 施華洛世奇 SPARKLING浮動水晶幾何造型手環手鍊(兩款任選)
國際名牌飾品, SWAROVSKI施華洛世奇  ATTRACT SOUL水晶穿孔耳環
國際名牌飾品, SWAROVSKI 施華洛世奇 Polar Bestiary璀璨水晶冬季鹿角造型銀色耳環
國際名牌飾品, CHANEL 經典CC LOGO珍珠滾邊設計水鑽鑲嵌穿式耳環(銀)
國際名牌飾品, SWAROVSKI 施華洛世奇 SYMBOLIC璀璨水晶夜月星空玫瑰金組合項鍊
國際名牌飾品, SWAROVSKI 施華洛世奇 Swan 玫瑰金水晶黑天鵝珍珠戒指
國際名牌飾品, CHANEL 巴黎CAMBON 31限定圓牌耳環(粉色)
國際名牌飾品, HERMES Clic H LOGO琺瑯細版手環(白X玫瑰金)
國際名牌飾品, SWAROVSKI 施華洛世奇 SWAN 天鵝水晶墜飾
國際名牌飾品, CALVIN KLEIN Hook 系列純粹經典玫瑰金手環-M
國際名牌飾品, Georg Jensen 喬治傑生 - 2020 HERITAGE年度項鍊 紅玉髓
國際名牌飾品, CHANEL 新款香奈兒雙C LOGO金屬彩色水鑽迷你穿式耳環 (金色)
國際名牌飾品, SWAROVSKI施華洛世奇  ATTRACT SOUL水晶手鍊
國際名牌飾品, CALVIN KLEIN Snake 系列連綴蛇鱗唯美白鋼手環-XS
國際名牌飾品, Pandora 潘朵拉 海藍色圓珠水晶心形 垂墜純銀墜飾
國際名牌飾品, Pandora 潘朵拉 愛情藥水粉水晶 垂墜純銀墜飾
國際名牌飾品, SWAROVSKI施華洛世奇 彩色天鵝水晶項鍊
國際名牌飾品, Georg Jensen 喬治傑生 -MERCY 純銀手環
國際名牌飾品, HERMES 經典Pop H立體簍空橢圓LOGO項鍊(黑X玫瑰金)
國際名牌飾品, CALVIN KLEIN Sumptuous 系列個性白鋼耳環
國際名牌飾品, SWAROVSKI 施華洛世奇 NORTH玫瑰金水晶手鍊
國際名牌飾品, CHANEL 香奈兒經典CC LOGO大小水鑽鑲嵌造型穿式耳環(金)
國際名牌飾品, 【福利品】SWAROVSKI 施華洛世奇 多角雙星造型銀色水晶垂墜長耳環
國際名牌飾品, CALVIN KLEIN Invigorate 系列簡潔俐落白鋼項鍊-男
國際名牌飾品, GEORG JENSEN-MARCIA 純銀手鐲
國際名牌飾品, HERMES 經典Medor Folk系列雙色鉚釘造型項鍊(白X金)
國際名牌飾品, Georg Jensen Off Spring 純銀項鍊(小孩版)
國際名牌飾品, CHANEL 經典CHANEL英文字母金屬皮穿鍊款手環
國際名牌飾品, Pandora 潘朵拉 Love yoga琺瑯吊牌 垂墜純銀墜飾
國際名牌飾品, HERMES Eileen LOGO造型項鍊(酒紅/銀)
國際名牌飾品, SWAROVSKI施華洛世奇  ATTRACT SOUL水晶項鍊
國際名牌飾品, CHANEL 香奈兒經典雙C LOGO 水鑽鑲嵌滾邊壓紋穿式耳環(銀)
國際名牌飾品, Pandora 潘朵拉  魅力幸運小象 純銀墜飾 串珠
國際名牌飾品, Georg Jensen 喬治傑生 2020年度紅玉髓純銀項鍊
國際名牌飾品, CHANEL 經典圓形CC LOGO星星造型鑲嵌珠珠墜飾穿式耳環(金)
國際名牌飾品, CALVIN KLEIN  Rocking系列時尚方塊珠立體造型手鍊
國際名牌飾品, Pandora 潘朵拉 迪士尼系列 米奇米妮愛戀鑲鋯 垂墜純銀墜飾
國際名牌飾品, Georg Jensen 喬治傑生 - MERCY 純銀環形戒指 小
國際名牌飾品, SWAROVSKI 施華洛世奇 璀璨水晶珍珠天鵝造型銀色垂墜耳環
國際名牌飾品, SWAROVSKI 施華洛世奇 Remix Evil Eye 惡魔之眼個性系列銀色手鍊
國際名牌飾品, Pandora 潘朵拉 花卉紫水晶 純銀墜飾 串珠
國際名牌飾品, Pandora 潘朵拉 魅力鑲鋯蘭花 垂墜純銀墜飾 串珠
國際名牌飾品, Pandora 潘朵拉 魅力Pandora鑲鋯標誌 垂墜純銀墜飾 串珠
國際名牌飾品, SWAROVSKI 施華洛世奇 LOVELY水晶手鍊
國際名牌飾品, CALVIN KLEIN  Hook 系列經典細緻白鋼手環-XS
國際名牌飾品, HERMES Clic H LOGO 琺瑯中版手環(柔粉x玫瑰金)
國際名牌飾品, CALVIN KLEIN Tune 系列項鍊-銀色
國際名牌飾品, CHANEL 經典雙C LOGO金屬鏤空英文字母鑲水鑽仿珠大款胸針 (金色)
國際名牌飾品, Georg Jensen 喬治傑生 - MERCY 純銀套戒
國際名牌飾品, CHANEL香奈兒 經典雙C LOGO 鑲嵌珍珠圓珠滾邊金色耳環
國際名牌飾品, SWAROVSKI施華洛世奇 賓尼兔水晶項鍊
國際名牌飾品, apm MONACO BABY XL系列晶鑽鑲飾別針設計純銀項鍊(玫瑰金)
國際名牌飾品, Pandora 潘朵拉 魅力愛心橘色水晶 純銀墜飾 串珠
國際名牌飾品, Georg Jensen 2019年度永恆戀曲年度藍玉髓項鍊
國際名牌飾品, SWAROVSKI 施華洛世奇 雙黑天鵝造型黑色水晶玫瑰金色項鍊
國際名牌飾品, GEORG JENSEN-MOONLIGHT BLOSSOM純銀耳環 銀石
國際名牌飾品, Pandora 潘朵拉 鏤空波浪鑲鋯石墜
國際名牌飾品, HERMES Kelly Dog Extreme鉚釘轉釦小牛皮寬手環(S-寶藍X金-R年)
國際名牌飾品, HERMES Micro kelly金屬銀釦小牛皮單圈手環(S-櫻花粉X銀-R年)
國際名牌飾品, Georg Jensen 2005年度紅玉髓純銀項鍊
國際名牌飾品, Georg Jensen 2002年度純銀項鍊
國際名牌飾品, CHANEL 經典品牌LOGO水鑽鑲嵌五角星裝飾長方鎖鍊造型項鍊(金)
國際名牌飾品, Georg Jensen 喬治傑生 - CURVE 純銀耳環 S
國際名牌飾品, CHANEL 經典CC LOGO星星造型水鑽鑲嵌墜飾穿式耳環(銀)
國際名牌飾品, GEORG JENSEN 經典Heritage系列永恆之珠925氧化純銀灰月光石鑲嵌項鍊
國際名牌飾品, Pandora 潘朵拉 Be Mine刻字愛心鑲鋯 垂墜純銀墜飾 串珠
國際名牌飾品, 施華洛世奇 Nice 白金色浪漫唯美羽翼項鏈
國際名牌飾品, Georg Jensen 喬治傑生 - CURVE 純銀耳環 M
國際名牌飾品, HERMES 愛馬仕 經典BIRKIN柏金包造型T釦項鍊 (銀)
國際名牌飾品, CHANEL 經典雙C LOGO水鑽鑲飾刻紋造型胸針(金)
國際名牌飾品, SWAROVSKI 施華洛世奇 Remix Love 心型綴飾銀色手鍊
國際名牌飾品, Georg Jensen 喬治傑生 - 2018年度項鍊 煙水晶 加大版
國際名牌飾品, HERMES Constance系列經典H LOGO真鑽鑲嵌手提包造型墜飾玫瑰金項鍊
國際名牌飾品, HERMES 經典Medor Folk系列雙色鉚釘造型項鍊(黑X金)
國際名牌飾品, Pandora 潘朵拉 永遠的愛 鑲鋯純銀墜飾 串珠
國際名牌飾品, SWAROVSKI 施華洛世奇 TAROT MAGIC璀璨水晶光芒造型金色耳環
國際名牌飾品, 施華洛世奇 Infinity 白金色流線無限穿孔耳環
國際名牌飾品, Georg Jensen 2011年度項鍊 玫瑰石款
國際名牌飾品, CHANEL 經典CC LOGO鏤空墜飾圓形滾邊珍珠鑲嵌造型穿式耳環(金)
國際名牌飾品, SWAROVSKI 施華洛世奇 Iconic Swan天鵝造型水晶玫瑰金色項鍊
國際名牌飾品, Pandora 潘朵拉 鏤空羽毛鋯石墜
國際名牌飾品, Pandora 潘朵拉 拼布魅力 純銀墜飾 串珠
國際名牌飾品, CHANEL經典CC LOGO簍空造型水鑽珍珠鑲嵌穿式耳環(金)
國際名牌飾品, CHANEL 經典CC LOGO刻紋造型夾式耳環(銀色)
國際名牌飾品, HERMES H LOGO 經典立體方型設計耳環(黑色x玫瑰金)
國際名牌飾品, CHANEL香奈兒 經典雙C LOGO 鑲嵌水鑽銀色耳環
國際名牌飾品, 施華洛世奇 Into the Sky 玫金色愛戀熱氣球穿孔耳環
國際名牌飾品, Pandora 潘朵拉 紅塘瓷中國娃娃
國際名牌飾品, Pandora 潘朵拉 迪士尼系列 小美人魚 賽巴斯丁 垂墜純銀墜飾
國際名牌飾品, Georg Jensen 2018年度 藍玉髓純銀項鍊
國際名牌飾品, CELINE 銀色KNOT圓形墜飾項鍊
國際名牌飾品, Pandora 潘朵拉 月光藍色水晶熱氣球 垂墜純銀墜飾
國際名牌飾品, CHANEL 經典雙C LOGO水鑽環狀造型垂墜耳環(香檳金)
國際名牌飾品, Pandora 潘朵拉 魅力螺旋槳帽子男孩 垂墜純銀墜飾
國際名牌飾品, SWAROVSKI 施華洛世奇 璀璨水晶鏤空天鵝垂墜銀色耳環
國際名牌飾品, HERMES 經典O Kelly系列鎖頭造型吊墜項鍊(小-黑色X金)
國際名牌飾品, CHANEL 經典雙C LOGO皮革穿繞造型垂墜穿式耳環(黑X金)
國際名牌飾品, GEORG JENSEN-TORUN 朵蘭純銀戒指 #204A
國際名牌飾品, Georg Jensen 喬治傑生 - OFFSPRING 鏈狀純銀手鍊
國際名牌飾品, CHANEL 經典雙C LOGO大水鑽排列鑲嵌造型胸針(金)
國際名牌飾品, SWAROVSKI 施華洛世奇 SYMBOLIC璀璨水晶神秘星月玫瑰金戒指
國際名牌飾品, Pandora 潘朵拉 乳白色圓珠水晶心形 垂墜純銀墜飾
國際名牌飾品, CHANEL 香奈兒經典CC LOGO NO.5香水瓶造型穿式耳環(金)
國際名牌飾品, Pandora 潘朵拉 14K金無限的心圓形吊墜
國際名牌飾品, SWAROVSKI 施華洛世奇 Swan 漸層水晶天鵝銀項鍊(鍍白金色)
國際名牌飾品, CHANEL 經典雙C雙層珍珠項鍊(藍)
國際名牌飾品, HERMES Clic H LOGO琺瑯中版手環(天空藍X金)
國際名牌飾品, Georg Jensen 喬治傑生 - SHADES 皮革皮夾
國際名牌飾品, CHANEL 新款金屬水鑽雙C LOGO大圓C穿式耳環 (金色)
國際名牌飾品, SWAROVSKI 施華洛世奇 黑天鵝Y字項鍊
國際名牌飾品, SWAROVSKI施華洛世奇 ATTRACT 玫瑰金頸鍊
國際名牌飾品, apm MONACO法國精品珠寶 閃耀多款造型銀色耳針式耳環
國際名牌飾品, HERMES愛馬仕POP經典H字母立體簍空橢圓LOGO鎖骨項鍊(酒紅x銀)
國際名牌飾品, SWAROVSKI 施華洛世奇 Further璀璨水晶環形交織可調整金色手鍊
國際名牌飾品, Georg Jensen 喬治傑生 - ELEPHANT 迷你象鑰匙圈
國際名牌飾品, Georg Jensen 喬治傑生- TORUN 18K金純銀手環
國際名牌飾品, CALVIN KLEIN Da戒指 系列鏤空立體方塊造型鋼色戒指-7
國際名牌飾品, Pandora 潘朵拉 閃耀皇冠標誌鑲鋯 純銀固定扣
國際名牌飾品, SWAROVSKI施華洛世奇 TAROT MAGIC水晶項鍊
國際名牌飾品, Georg Jensen 喬治傑生 - MOEBIUS 純銀雙環戒指
國際名牌飾品, Pandora 潘朵拉 粉色鋯石FAITH墜
國際名牌飾品, Pandora 潘朵拉 米奇米妮閃閃發光鑲鋯愛心 純銀墜飾 串珠
國際名牌飾品, SWAROVSKI 施華洛世奇 LUCY KITE璀璨水晶可調節銀色項鍊頸鍊
國際名牌飾品, Georg Jensen 喬治傑生- MOONLIGHT GRAPES 純銀耳環
國際名牌飾品, HERMES 愛馬仕HAPI牛皮寬型釦式手環(棕/亮面銀釦)
國際名牌飾品, GEORG JENSEN-TORUN 純銀朵蘭手鐲 #204
國際名牌飾品, CHANEL 經典雙C LOGO水鑽鑲飾珍珠垂墜造型穿式耳環(金)
國際名牌飾品, Pandora 潘朵拉 Logo愛心鑲鋯鎖頭造型 夾釦式純銀墜飾 串珠
國際名牌飾品, SWAROVSKI 施華洛世奇 Crystalline Stardust璀燦水晶金色圓珠觸控筆
國際名牌飾品, Pandora 潘朵拉 閃爍星辰白色塘瓷 純銀墜飾 串珠
國際名牌飾品, CALVIN KLEIN Sumptuous 系列個性白鋼手環-S
國際名牌飾品, Pandora 潘朵拉 魅力愛心穿箭 純銀墜飾 串珠
國際名牌飾品, Georg Jensen 2010年度項鍊 黑瑪瑙款
國際名牌飾品, Georg Jensen 喬治傑生 2005年度銀石項鍊
國際名牌飾品, HERMES RIVALE系列金屬鉚釘Swift小牛皮雙圈手環(櫻花粉X玫瑰金)
國際名牌飾品, SWAROVSKI 施華洛世奇DISNEY MINNIE 水晶筆
國際名牌飾品, SWAROVSKI 施華洛世奇 SPARKLING DANCE玫瑰金水晶手鐲
國際名牌飾品, apm MONACO法國精品珠寶 閃耀玫瑰金繁星鑲鋯C字開口手環手鐲
國際名牌飾品, HERMES 圖騰琺瑯細版手環(紅X金)
國際名牌飾品, Pandora 潘朵拉 冬日之心鑲鋯 純銀墜飾 串珠
國際名牌飾品, CALVIN KLEIN Circling 系列優雅珠飾香檳金項鍊
國際名牌飾品, HERMES collier de chien金屬鉚釘亮面蜥蜴皮手環(灰X玫瑰金)
國際名牌飾品, CALVIN KLEIN Da戒指 系列鏤空立體方塊造型玫瑰金戒指-6
國際名牌飾品, Georg Jensen 喬治傑生 - GROOVE 純銀戒指
國際名牌飾品, Pandora 潘朵拉 粉色琺瑯櫻花夾釦式 純銀墜飾 串珠
國際名牌飾品, HERMES H LOGO方塊項鍊(橘/銀)
國際名牌飾品, CHANEL 香奈兒經典CC LOGO幸運草&NO.5造型穿式耳環(金)
國際名牌飾品, CALVIN KLEIN Brilliant 系列閃耀香檳金晶鑽手環-XS
國際名牌飾品, HERMES 經典Drag Double Tour壓釦小牛皮雙圈手環(湖水綠X金)
國際名牌飾品, CHANEL 經典大CC LOGO水鑽鑲飾造型穿式耳環(金色)
國際名牌飾品, Pandora 潘朵拉 魅力鏤空葉子 純銀墜飾 串珠
國際名牌飾品, Pandora 潘朵拉 魅力法鬥 垂墜純銀墜飾
國際名牌飾品, Pandora 潘朵拉 圓形亮鑽波浪線條 純銀墜飾 串珠
國際名牌飾品, GEORG JENSEN-MARCIA 純銀戒指 #618B
國際名牌飾品, SWAROVSKI 施華洛世奇 Remix 雛菊水晶手鍊
國際名牌飾品, Pandora 潘朵拉 新月母子貓頭鷹 垂墜純銀墜飾
國際名牌飾品, Pandora 潘朵拉 圓形淡粉盛開水晶花 夾扣式純銀墜飾 串珠
國際名牌飾品, SWAROVSKI施華洛世奇 FURTHER 穿孔耳環
國際名牌飾品, HERMES 金屬Epsom小牛皮雙面寬版手環(火焰紅X金)
國際名牌飾品, SWAROVSKI施華洛世奇 DAZZLING粉紅天鵝水晶長版耳環
國際名牌飾品, SWAROVSKI施華洛世奇  INFINITY DOUBLE HEART 水晶項鍊
國際名牌飾品, Hermes Farandole 120CM 純銀豬鼻鍊(銀色)
國際名牌飾品, CHANEL 經典壓克力大雙C LOGO水鑽鑲嵌造型穿式耳環(粉藍X銀)
國際名牌飾品, CHANEL A36138 經典水鑽CC LOGO珍珠風耳環(耳針式)
國際名牌飾品, CHANEL 經典雙C LOGO水鑽星星造型耳環(銀)
國際名牌飾品, CALVIN KLEIN  Side 系列時尚球形珠造型手鍊
國際名牌飾品, Pandora 潘朵拉 圓弧鏤空鋯石墜
國際名牌飾品, apm MONACO法國精品珠寶 優雅玫瑰金繁星鑲鋯戒指
國際名牌飾品, HERMES 經典O Kelly系列鎖頭造型吊墜項鍊(小-赭色X銀)
國際名牌飾品, SWAROVSKI 施華洛世奇 Creativity Circle 玫瑰金穿孔耳環
國際名牌飾品, Tiffany & Co. 經典純銀愛心墜飾項鍊
國際名牌飾品, CHANEL經典多層次雙C LOGO方鑽排列鑲嵌墜飾穿式耳環(銀)
國際名牌飾品, Georg Jensen 喬治傑生 - 2020 HERITAGE年度夾式耳環 黑珍珠母貝
國際名牌飾品, Georg Jensen Fusion 三色K金項鍊
國際名牌飾品, LOEWE Slap系列品牌LOGO烙印小牛皮捲尺造型手環(小-亮藍)
國際名牌飾品, CHANEL 雙C LOGO圓環設計水鑽鑲飾項鍊(金)
國際名牌飾品, Pandora 潘朵拉 愛情筆記鑲鋯 垂墜純銀墜飾
國際名牌飾品, Pandora 潘朵拉 暗紅色圓珠水晶心形 垂墜純銀墜飾
國際名牌飾品, CHANEL 經典雙C LOGO水鑽鑲飾造型穿式耳環(金)
國際名牌飾品, SWAROVSKI 施華洛世奇 Remix Heart 水晶手鍊
國際名牌飾品, CHANEL 經典CC LOGO刻紋造型夾式耳環(金色)
國際名牌飾品, Georg Jensen 喬治傑生 - ELLIPSE 不鏽鋼鑰匙圈
國際名牌飾品, CHANEL 經典雙C LOGO小珍珠裝飾耳環(香檳金)
國際名牌飾品, 施華洛世奇 Bee a Queen 白金色女皇蜂項鏈
國際名牌飾品, CALVIN KLEIN Circling 系列優雅珠飾白鋼項鍊
國際名牌飾品, SWAROVSKI 施華洛世奇 STARDUST鍍金色圓珠筆
國際名牌飾品, Pandora 潘朵拉 垂墜鋯石水果雞尾酒杯 純銀墜飾 串珠
國際名牌飾品, 施華洛世奇 Lifelong Heart 鍍多色戀之結排型項鏈
國際名牌飾品, Pandora 潘朵拉 貴族花圈粉紅水鑽 純銀墜飾 串珠
國際名牌飾品, CHANEL 香奈兒經典雙C LOGO水鑽鑲嵌造型三層長項鍊(紫)
國際名牌飾品, CALVIN KLEIN rocking 系列項鍊-立體方形銀色版
國際名牌飾品, PANDORA 潘朵拉 愛心鑲鋯扇狀浮雕 純銀墜飾 串珠
國際名牌飾品, Kate spade Say Yes LOVE壓印LOGO戀愛文字設計鑽鑲飾手鍊(金)
國際名牌飾品, LV M6456E Slim Monogram Eclipse帆布銀色字母鉤釦手環-石墨色
國際名牌飾品, apm MONACO法國精品珠寶 閃耀一字型紅寶石可調整金色手鍊手環
國際名牌飾品, Pandora 潘朵拉 魅力小飛機 垂墜純銀墜飾
國際名牌飾品, apm MONACO法國精品珠寶 閃耀綠眼銀蛇圈式耳環
國際名牌飾品, Georg Jensen Daisy 純銀鍍K金+白琺瑯雛菊針式耳環
國際名牌飾品, apm MONACO法國精品珠寶 閃耀金色OUI鑲鋯項鍊
國際名牌飾品, 施華洛世奇 Lifelong Heart 鍍多色戀之結穿孔耳環
國際名牌飾品, SWAROVSKI 施華洛世奇 三爪玫瑰金耳環
國際名牌飾品, CHANEL 經典簍空雙C LOGO珍珠鑲嵌圓形穿式耳環(金)
國際名牌飾品, Pandora 潘朵拉 迪士尼系列 白雪公主 垂墜純銀墜飾
國際名牌飾品, CHANEL香奈兒 圓形水鑽雙C鑲嵌珍珠 耳針式耳環
國際名牌飾品, CHANEL 香奈兒經典CC LOGO大小水鑽鑲嵌造型穿式耳環(金)
國際名牌飾品, SWAROVSKI 施華洛世奇蝴蝶結豪華套組
國際名牌飾品, CHANEL 經典CC LOGO大珍珠造型穿式耳環(金)
國際名牌飾品, Pandora 潘朵拉 繽紛水晶花朵 純銀墜飾 串珠
國際名牌飾品, Pandora 潘朵拉 水藍色圓珠水晶心形 垂墜純銀墜飾
國際名牌飾品, Pandora 潘朵拉 迪士尼系列 圓形珍珠母石米奇造型 純銀墜飾 串珠
國際名牌飾品, CHANEL 經典多層次雙C LOGO方鑽排列鑲嵌金屬刻紋飾邊墜飾穿式耳環(銀)
國際名牌飾品, SWAROVSKI 施華洛世奇Dance橢圓環鑲嵌水晶雙面項鍊
國際名牌飾品, apm MONACO法國精品珠寶 優雅玫瑰金雙繁星鑲鋯戒指
國際名牌飾品, Georg Jensen 喬治傑生 - MERCY 純銀開口耳環
國際名牌飾品, Georg Jensen 喬治傑生 - 1995 HERITAGE年度項鍊 海水藍綠玉髓
國際名牌飾品, Georg Jensen No.9B 黑瑪瑙 +純銀項鍊
國際名牌飾品, HERMES collier de chien金屬鉚釘山羊皮寬版手環(S-墨灰X金-R年)
國際名牌飾品, Pandora 潘朵拉  圓珠鑲鋯粉紫愛心綻放 純銀墜飾 串珠
國際名牌飾品, Pandora 潘朵拉 戀戀雪花愛心鑲鋯 純銀墜飾 串珠
國際名牌飾品, SWAROVSKI 施華洛世奇 SPARKLING浮動水晶幾何造型銀色手環手鍊
國際名牌飾品, CHANEL 經典壓克力雙C LOGO造型夾式耳環(黑銀)
國際名牌飾品, CALVIN KLEIN Hook 系列純粹經典玫瑰金手環-S
國際名牌飾品, GEORG JENSEN 喬治傑生-MOONLIGHT BLOSSOM 純銀耳環 黑瑪瑙
國際名牌飾品, SWAROVSKI 施華洛世奇 璀璨耀動水晶鏤空花型銀色項鍊
國際名牌飾品, Pandora 潘朵拉 魅力18k鍍金LOVED字母 垂墜純銀墜飾
國際名牌飾品, GEORG JENSEN 喬治傑生-OFFSPRING 環扣純銀耳環
國際名牌飾品, HERMES 經典POP立體H LOGO簍空橢圓穿式耳環(粉藍X玫瑰金)
國際名牌飾品, CALVIN KLEIN  Charming 系列經典愛心戒指-7
國際名牌飾品, CHANEL 經典五角星造型琉璃珠墜飾垂墜穿式耳環(金)
國際名牌飾品, SWAROVSKI 施華洛世奇  Iconic Swan紅色水晶天鵝造型金色項鍊
國際名牌飾品, SWAROVSKI 施華洛世奇蝴蝶結項鍊
國際名牌飾品, CHANEL 經典雙C LOGO皮革穿繞造型穿式耳環(黑X金)
國際名牌飾品, Georg Jensen No.9A 純銀項鍊
國際名牌飾品, CHANEL 經典雙C LOGO鎖鍊造型珍珠鑲嵌穿式耳環(金)
國際名牌飾品, SWAROVSKI施華洛世奇 米奇Y形玫瑰金水晶項鍊
國際名牌飾品, 【Georg Jensen 喬治傑生】#108 月光石純銀夾式耳環
國際名牌飾品, CK Calvin Klein  簡約美學風時尚手環-玫瑰金
國際名牌飾品, Pandora 潘朵拉 魅力畢業季 純銀墜飾 串珠
國際名牌飾品, DIOR 經典 J ADIORDIOR不對襯棉質編織手環組(海軍藍)
國際名牌飾品, HERMES 經典Pop H立體簍空橢圓LOGO項鍊(銀X橘)
國際名牌飾品, Georg Jensen 喬治傑生 - LOVE KNOT 雙結純銀手鐲
國際名牌飾品, CHANEL 經典雙C LOGO雪花造型穿式耳環(銀)
國際名牌飾品, Pandora 潘朵拉 迪士尼系列  Mary Poppins鑲鋯琺瑯傘 垂墜純銀墜飾
國際名牌飾品, Pandora 潘朵拉 搖滾獨角獸 垂墜純銀墜飾
國際名牌飾品, HERMES 經典O Kelly系列鎖頭造型吊墜項鍊(小-褐金X銀)
國際名牌飾品, CHANEL 香奈兒奢華風雙C LOGO水鑽拼接寶石鑲嵌金色系耳環(耳針式)
國際名牌飾品, apm MONACO LES CASCADES系列垂墜水滴晶鑽鑲飾純銀單耳骨夾耳環-銀
國際名牌飾品, SWAROVSKI 施華洛世奇 Further項鍊
國際名牌飾品, Georg Jensen 喬治傑生 - MOONLIGHT GRAPES 純銀葡萄手鐲
國際名牌飾品, Hermes Farandole 160CM 純銀豬鼻鍊(銀色)
國際名牌飾品, CHANEL 經典雙C LOGO小珠珠裝飾耳環(香檳金)
國際名牌飾品, DIOR 天使之手鎖匙LOGO造型項鍊(銀)
國際名牌飾品, SWAROVSKI 施華洛世奇 小彩色天鵝水晶項鍊
國際名牌飾品, CHANEL 經典雙C LOGO雕刻金牌造型粗手鍊(金)
國際名牌飾品, GEORG JENSEN 喬治傑生-DAISY 純銀鑽石項鍊 白瓷琺瑯
國際名牌飾品, Georg Jensen 喬治傑生 - INFINITY純銀開口耳環
國際名牌飾品, Georg Jensen 喬治傑生  1989年度黑瑪瑙純銀項鍊
國際名牌飾品, CHANEL 經典雙C LOGO水鑽鑲嵌墜飾穿式耳環(銀)
國際名牌飾品, GEORG JENSEN-DEW DROP 純銀耳環
國際名牌飾品, Georg Jensen 喬治傑生 - INFINITY 純銀戒指
國際名牌飾品, Calvin Klein CK Impulsive 衝擊系列黑色手環
國際名牌飾品, HERMES Micro Rivale金屬銀釦小牛皮單圈手環(S-櫻花粉X銀-R年)
國際名牌飾品, SWAROVSKI 施華洛世奇 經典天鵝項鍊
國際名牌飾品, apm MONACO法國精品珠寶 閃耀鑲鋯彩虹造型不對稱耳環 金色
國際名牌飾品, CK Calvin Klein  簡約美學風時尚手環-黑色
國際名牌飾品, CHANEL 經典雙C LOGO立體五角星珍珠吊飾造型穿式耳環(金)
國際名牌飾品, HERMES collier de chien金屬鉚釘山羊皮寬版手環(S-紫X金)
國際名牌飾品, apm MONACO法國精品珠寶 閃耀銀色鑲鋯曼陀羅可調整手鍊手環
國際名牌飾品, Pandora 潘朵拉 We Love You刻字造型 純銀墜飾 串珠
國際名牌飾品, Georg Jensen 2007年度項鍊「銀石款」
國際名牌飾品, SWAROVSKI 施華洛世奇 LUCY KITE璀璨水晶可調節銀色項鍊頸鍊
國際名牌飾品, SWAROVSKI 施華洛世奇 MICKEY鑰匙圈
國際名牌飾品, CHANEL香奈兒 經典雙C LOGO 鑲嵌圓形排列水鑽金色耳環
國際名牌飾品, CHANEL 經典雙C LOGO水晶排列鑲嵌金屬胸針(銀)
國際名牌飾品, SWAROVSKI 施華洛世奇 Dear Small 銀色心心相印水晶項鍊
國際名牌飾品, Georg Jensen 喬治傑生 2007年度銀石夾式耳環
國際名牌飾品, CALVIN KLEIN Senses 系列玫瑰金雙色唯美手環-S
國際名牌飾品, Pandora 潘朵拉 魅力字母Q 純銀墜飾 串珠
國際名牌飾品, SWAROVSKI施華洛世奇 DAZZLING手鏈
國際名牌飾品, Pandora 潘朵拉 迪士尼系列白雪公主 鑲鋯純銀墜飾 串珠
國際名牌飾品, CK Calvin Klein  交織魅力與時尚款手環
國際名牌飾品, CHANEL 經典雙C LOGO水鑽鑲嵌穿式耳環(銀)
國際名牌飾品, Pandora 潘朵拉 迪士尼系列 冰雪奇緣 安娜 垂墜純銀墜飾
國際名牌飾品, apm MONACO法國精品珠寶 璀璨鑲鋯繁星不對稱銀色耳環
國際名牌飾品, SWAROVSKI施華洛世奇 SHELL PAVE 金色水晶項鍊
國際名牌飾品, 施華洛世奇 Attract 白金色方形璀璨寶石穿孔耳環
國際名牌飾品, Georg Jensen 2014年度 銀石項鍊
國際名牌飾品, SWAROVSKI 施華洛世奇 迷你彩色天鵝項鍊
國際名牌飾品, Georg Jensen 喬治傑生 - OFFSPRING 純銀鑲鑽戒指
國際名牌飾品, CALVIN KLEIN Charming 系列經典愛心白鋼戒指-8
國際名牌飾品, CHANEL 經典雙C LOGO 珍珠水晶垂吊耳環.金
國際名牌飾品, Georg Jensen 喬治傑生 2017年度煙水晶純銀夾式耳環
國際名牌飾品, apm MONACO法國精品珠寶 閃耀鑲鋯馬爾他十字珍珠銀色不對稱耳環
國際名牌飾品, HERMES 經典Pop H立體簍空橢圓LOGO項鍊(粉彩藍X金)
國際名牌飾品, Georg Jensen 2014年度 煙水晶項鍊
國際名牌飾品, CALVIN KLEIN rocking 系列手鍊-立體方形銀色版
國際名牌飾品, Pandora 潘朵拉 璀璨鑲鋯煙花 純銀墜飾 串珠
國際名牌飾品, SWAROVSKI 施華洛世奇 VINTAGE SWAN金色水晶鑰匙圈
國際名牌飾品, CHANEL香奈兒 鏤空圓形雙C水鑽銀色耳環
國際名牌飾品, Calvin Klein Brilliant 系列項鍊
國際名牌飾品, Pandora 潘朵拉 魅力舊金山琺瑯 垂墜純銀墜飾
國際名牌飾品, HERMES 經典立體H LOGO簍空方塊穿式耳環(栗棕)
國際名牌飾品, CHANEL 經典皮革穿繞雙C LOGO鏤空造型項鍊(深藍X金)
國際名牌飾品, Pandora 潘朵拉 魅力企鵝家庭 純銀墜飾 串珠
國際名牌飾品, 施華洛世奇 Crystalline Aura 玫金色金屬光彩手錶
國際名牌飾品, CHANEL 經典雙C LOGO水鑽鑲飾茅箭造型穿式耳環(金)
國際名牌飾品, SWAROVSKI 施華洛世奇 黑天鵝玫瑰金項鍊
國際名牌飾品, Pandora 潘朵拉 聖誕頌 純銀墜飾 串珠
國際名牌飾品, CHANEL 經典雙C LOGO水鑽金屬墬飾樹脂圓珠釦式手鍊 (金色)
國際名牌飾品, 施華洛世奇 Shell 白金色海藍貝殼穿孔耳環
國際名牌飾品, Georg Jensen 喬治傑生- HEARTS OF GEORG JENSEN 18K金純銀項鍊
國際名牌飾品, Pandora 潘朵拉 學習之書 純銀墜飾 串珠
國際名牌飾品, BVLGARI 寶格麗 Serpenti系琺瑯雙蛇頭珍珠魚皮手環 (黑色/S)
國際名牌飾品, SWAROVSKI 施華洛世奇跳動的心玫瑰金項鍊
國際名牌飾品, 施華洛世奇 Crystalline Glam 玫金色金彩奪目手錶
國際名牌飾品, Georg Jensen 喬治傑生 - MÖBIUS 純銀耳環
國際名牌飾品, SWAROVSKI 施華洛世奇 Swan 黑天鵝珍珠穿針式耳環(玫瑰金)
國際名牌飾品, HERMES Clic H LOGO琺瑯細版手環(PM-橘X金)
國際名牌飾品, SWAROVSKI 施華洛世奇 Tarot Magic璀璨水晶神秘之鑰金色項鍊
國際名牌飾品, HERMES 經典O Kelly系列鎖頭造型吊墜項鍊(小-赭色X金)
國際名牌飾品, HERMES Imprevisible鉚釘小牛皮雙面寬版手環(黛藍/水藍X金)
國際名牌飾品, HERMES Kelly Double Tour銀色轉釦小牛皮二圈手環(橘-R年-XS)
國際名牌飾品, GEORG JENSEN-MOONLIGHT BLOSSOM吊墜 黑瑪瑙
國際名牌飾品, Georg Jensen #204 TORUN 朵蘭設計 純銀+鑲鑽手環
國際名牌飾品, CHANEL 經典雙C LOGO香水墜飾大小珠珠串連手鍊(黑X金)
國際名牌飾品, CK Calvin Klein 永恆LOVE手環-銀色(KJ7CMB000200)
國際名牌飾品, 施華洛世奇 Cryst Warner 玫金色賓尼兔圓珠筆
國際名牌飾品, HERMES Micro kelly金屬銀釦小牛皮單圈手環(S-櫻花粉X銀-R年)
國際名牌飾品, Pandora 潘朵拉 玫瑰金愛心鋯石 純銀墜飾 串珠
國際名牌飾品, 125週年系列施華洛世奇 Attract Round 白金色藍水晶首飾套組
國際名牌飾品, 施華洛世奇 Bee a Queen 淡金色女皇蜂穿孔耳環
國際名牌飾品, SWAROVSKI 施華洛世奇 紅色水晶筆
國際名牌飾品, SWAROVSKI 施華洛世奇 Swan 漸層水晶天鵝珍珠穿針式耳環(鍍白金色)
國際名牌飾品, SWAROVSKI 施華洛世奇 Tarot Magic璀璨水晶祝福之手金色項鍊
國際名牌飾品, Pandora 潘朵拉 魅力冬季之心鑲鋯 垂墜純銀墜飾
國際名牌飾品, SWAROVSKI 施華洛世奇 STARDUST鍍金色圓珠筆
國際名牌飾品, CALVIN KLEIN Intense系列經典雙色金個性手環-M
國際名牌飾品, Georg Jensen 喬治傑生 - MOONLIGHT GRAPES 純銀球形手鐲
國際名牌飾品, Georg Jensen 喬治傑生 - MERCY 純銀耳環
國際名牌飾品, Georg Jensen #257 純銀大葡萄項鍊
國際名牌飾品, Georg Jensen 喬治傑生 - DAISY 18K黃金耳環 白瓷琺瑯
國際名牌飾品, CHANEL 香奈兒經典CC LOGO 大小珍珠鑲嵌水鑽墜飾項鍊(霧銀)
國際名牌飾品, HERMES 愛馬仕Constance 造型0.04克拉玫瑰金鍊
國際名牌飾品, CHANEL 經典水鑽排列鑲飾雙C LOGO造型穿式耳環(黑銀)
國際名牌飾品, 施華洛世奇 Line Friends Skateboard 玫金色滑板熊大穿孔耳環
國際名牌飾品, Georg Jensen 喬治傑生 - CARDHOLDER 不鏽鋼名片盒
國際名牌飾品, SWAROVSKI 施華洛世奇 REMIX &符號墜飾
國際名牌飾品, Pandora 潘朵拉 慶祝愛心香檳杯 垂墜純銀墜飾 串珠
國際名牌飾品, Pandora 潘朵拉 心型粉色鋯石 夾扣式 純銀墜飾 串珠
國際名牌飾品, 施華洛世奇 Attract Trilogy Round 耀眼迷人穿孔耳環
國際名牌飾品, GEORG JENSEN 2014年度煙水晶純銀針式耳環
國際名牌飾品, Pandora 潘朵拉 魅力無尾熊 純銀墜飾 串珠
國際名牌飾品, SWAROVSKI施華洛世奇 FURTHER 穿孔耳環
國際名牌飾品, GEORG JENSEN-PEAK 純銀耳環
國際名牌飾品, CK Calvin Klein 永恆LOVE 項鍊-玫瑰金
國際名牌飾品, BVLGARI 寶格麗 Serpenti系琺瑯雙蛇頭小牛皮手環（祖母綠色/S）
國際名牌飾品, 施華洛世奇 Crystalline Pure 玫金色時尚閃耀手錶
國際名牌飾品, apm MONACO法國精品珠寶 金色月亮愛心單邊耳環
國際名牌飾品, HERMES Eileen LOGO造型項鍊(粉紫/金)
國際名牌飾品, SWAROVSKI 施華洛世奇 鏤空愛心浮動亮鑽愛心銀色項鍊
國際名牌飾品, SWAROVSKI施華洛世奇 FACET SWAN水晶小胸針
國際名牌飾品, Georg Jensen aisy 8朵多層次純銀+白琺瑯手鍊
國際名牌飾品, SWAROVSKI 施華洛世奇SWAN CHARM 天鵝水晶墜飾
國際名牌飾品, CHANEL 新款花造型鏤空鑲水鑽雙C LOGO項鍊 (銀色)
國際名牌飾品, CHANEL 香奈兒經典雙C LOGO水鑽拼接寶石鑲嵌造型穿式耳環(金)
國際名牌飾品, CHANEL 經典雙C LOGO刻晶瑩琉璃垂墜造型穿式耳環(金)
國際名牌飾品, CHANEL 經典粉色珠珠水鑽鑲嵌雙C LOGO造型穿式耳環(粉X金)
國際名牌飾品, CALVIN KLEIN Brilliant 系列閃耀香檳金晶鑽手環-M
國際名牌飾品, Georg Jensen 百年紀念2004年度夾式耳環「銀石款」
國際名牌飾品, Georg Jensen 2009年度銀石項鍊
國際名牌飾品, HERMES H POP款LOGO圓弧型項鍊(銀/柑橘)
國際名牌飾品, 施華洛世奇 Line Friends Cony 兔兔圓珠筆
國際名牌飾品, GEORG JENSEN 喬治傑生-SAVANNAH純銀項鍊 水晶
國際名牌飾品, CALVIN KLEIN Snake 系列典雅造型玫瑰金耳環
國際名牌飾品, HERMES 經典Pop H立體簍空橢圓LOGO項鍊(黑X銀)
國際名牌飾品, CHANEL 經典雙C LOGO五角星藍色水鑽飾邊項鍊(銀)
國際名牌飾品, HERMES 經典立體H LOGO簍空橢圓項鍊 (酒紅X銀)
國際名牌飾品, CHANEL 香奈兒經典雙C LOGO寶石鑲嵌設計項鍊(銀)
國際名牌飾品, Georg Jensen 喬治傑生- MOONLIGHT GRAPES 純銀珠狀手鐲
國際名牌飾品, apm MONACO法國精品珠寶 桃紅x金色三圓環別針造型鑲鋯戒指
國際名牌飾品, Pandora 潘朵拉 璀璨粉紅雛菊 垂墜純銀墜飾
國際名牌飾品, CHANEL 經典CC LOGO小珍珠鑲嵌雙層珍珠長項鍊(銀_展示品)
國際名牌飾品, CALVIN KLEIN Snake 系列連綴蛇鱗唯美玫瑰金手環-M
國際名牌飾品, Georg Jensen 2012 年度純銀紫水晶項鍊
國際名牌飾品, CHANEL 香奈兒經典CC LOGO水鑽鑲嵌方形簍空造型穿式耳環(亮銀)
國際名牌飾品, Georg Jensen Magic 白金鑲鑽項鍊
國際名牌飾品, Georg Jensen 2012 年度純銀項鍊
國際名牌飾品, 125週年系列施華洛世奇 Sunshine 白金色暖陽藍水晶鏈墜
國際名牌飾品, Pandora 潘朵拉 魅力芭蕾舞者鑲鋯 垂墜純銀墜飾
國際名牌飾品, 施華洛世奇 Impulsep Slake 深灰色華麗閃耀手環
國際名牌飾品, HERMES 經典Pop H立體簍空橢圓LOGO項鍊(金X冰棕色)
國際名牌飾品, CHANEL 經典雙C LOGO雙面水鑽鑲飾項鍊(銀)
國際名牌飾品, HERMES 經典Pop H立體簍空橢圓LOGO項鍊(玫瑰金X玫瑰粉)
國際名牌飾品, SWAROVSKI 施華洛世奇 優雅天鵝造型水晶玫瑰金耳環
國際名牌飾品, Georg Jensen 2018年度 灰月石純銀項鍊
國際名牌飾品, Pandora 潘朵拉 迪士尼系列 辛巴與娜娜鑲鋯愛心 純銀墜飾 串珠
國際名牌飾品, apm MONACO法國精品珠寶 閃耀金色鑲鋯寶石彩虹可調整長項鍊
國際名牌飾品, HERMES 經典POP立體H LOGO簍空橢圓穿式耳環(皇家藍X玫瑰金)
國際名牌飾品, 施華洛世奇 Lifelong Heart 白金色戀之結鏈墜
國際名牌飾品, apm MONACO COURCHEVEL系列晶鑽鑲飾曲面設計鏈條純單只銀耳骨扣(銀)
國際名牌飾品, CHANEL 香奈兒經典雙C LOGO 方圓水鑽交錯鑲嵌穿式耳環(銀)
國際名牌飾品, Georg Jensen 喬治傑生 - 2020 HERITAGE年度耳環 銀球
國際名牌飾品, 施華洛世奇 Crystalline Nova 鍍鉻色白水晶圓珠筆
國際名牌飾品, CHANEL 經典雙C LOGO反轉造型水鑽鑲嵌針式耳環(金)
國際名牌飾品, SWAROVSKI施華洛世奇 HOLLOW水晶項鍊
國際名牌飾品, Pandora 潘朵拉 纏繞鑲鋯鏤空雙心 純銀墜飾 串珠
國際名牌飾品, SWAROVSKI 施華洛世奇雙天鵝水晶項鍊
國際名牌飾品, HERMES 經典Hapi 3 MM系列小牛皮H LOGO穿釦雙圈手環(紅X褐-銀)
國際名牌飾品, LV MP039E經典帆布圖騰雙壓釦手環(灰/藍)
國際名牌飾品, HERMES Clic H LOGO琺瑯中版手環(PM-天鵝絨粉X玫瑰金)
國際名牌飾品, 施華洛世奇 Crystal Rose 玫金色彩白光芒手錶
國際名牌飾品, HERMES Kelly Dog Extreme鉚釘轉釦小牛皮手環(S-胭脂紅X金)
國際名牌飾品, LV Q96334經典IDYLLE BLOSSOM鑽石鑲飾18K玫瑰金單邊穿式耳環-玫瑰金
國際名牌飾品, CALVIN KLEIN Rocking 系列優雅水晶方塊玫瑰金耳墜
國際名牌飾品, SWAROVSKI 施華洛世奇 玫瑰金天鵝長版穿孔耳環
國際名牌飾品, Pandora 潘朵拉 那一年的萬聖節純銀墜
國際名牌飾品, 施華洛世奇 Symbol 玫金色惡魔之眼穿孔耳環
國際名牌飾品, Georg Jensen 2008年度銀石項鍊
國際名牌飾品, SWAROVSKI 施華洛世奇 Polar Bestiary璀璨水晶冬季鹿角造型銀色耳環
國際名牌飾品, CHANEL 經典雙C LOGO水鑽鑲嵌鑰匙造型墜飾項鍊(紫X銀)
國際名牌飾品, HERMES Clic H LOGO琺瑯 PM 細版手環(黑X玫瑰金)
國際名牌飾品, CHANEL 經典CC LOGO水滴型水鑽鑲嵌墜飾穿式耳環(銀)
國際名牌飾品, Georg Jensen Daisy 純銀鍍金 白琺瑯雛菊項鍊-18mm
國際名牌飾品, 施華洛世奇 My Hero 多色心形結穿孔耳環
國際名牌飾品, apm MONACO法國精品珠寶 閃耀金色仲夏小魚鋯石單邊耳環
國際名牌飾品, CHANEL 勝利V造型經典雙C LOGO水鑽鑲嵌穿式耳環(銀)
國際名牌飾品, apm MONACO法國精品珠寶 閃耀多款造型黑色耳針式耳環
國際名牌飾品, CHANEL 雙C LOGO立體設計水鑽鑲飾穿式耳環(銀)
國際名牌飾品, HERMES 經典立體H LOGO簍空橢圓項鍊 (藍綠X銀)
國際名牌飾品, Georg Jensen #204 朵蘭設計 純銀手環
國際名牌飾品, 施華洛世奇 Octea Lux 玫金色撫媚湛藍手錶
國際名牌飾品, Pandora 潘朵拉 魅力花卉童話鑲鋯 純銀墜飾 串珠
國際名牌飾品, 施華洛世奇 Iconic Swan 經典黑天鵝水晶鏈墜
國際名牌飾品, HERMES H POP款LOGO圓弧型耳環(水藍/銀)
國際名牌飾品, SWAROVSKI 施華洛世奇 玫瑰金天鵝水晶耳環
國際名牌飾品, 施華洛世奇 Sunshine 玫金色溫暖太陽白鑽穿孔耳環
國際名牌飾品, apm MONACO法國精品珠寶 一千零一夜月亮閃耀星芒單邊銀色耳針式耳環
國際名牌飾品, Pandora 潘朵拉 璀璨密鑲红锆石圓珠 純銀墜飾 串珠
國際名牌飾品, apm MONACO法國精品珠寶 閃耀銀色圓圈鑲鋯耳環
國際名牌飾品, SWAROVSKI施華洛世奇 PALACE 水滴穿孔耳環
國際名牌飾品, Pandora 潘朵拉 隔圈-透明鋯石鑲珠墜
國際名牌飾品, 施華洛世奇 Dazzling Swan 玫金色光彩粉紅天鵝手鏈
國際名牌飾品, HERMES Clic H LOGO琺瑯中版手環(藍綠X金-PM)
國際名牌飾品, Georg Jensen 經典Heritage系列2016年度925氧化月光石鑲嵌項鍊
國際名牌飾品, HERMES Clic H LOGO琺瑯中版手環(PM-粉紅X玫瑰金)
國際名牌飾品, Georg Jensen 經典Heritage系列2016年度925氧化月光石鑲嵌項鍊
國際名牌飾品, HERMES Clic H LOGO琺瑯中版手環(PM-粉紅X玫瑰金)
國際名牌飾品, CALVIN KLEIN  Sumptuous 系列同心圓玫瑰金項鍊
國際名牌飾品, Georg Jensen 2006年度設計師純銀項鍊
國際名牌飾品, CK Calvin Klein Jewellery WARM 溫情系列愛戀湧現手鍊
國際名牌飾品, 施華洛世奇 Symbol 玫金色耀眼星辰穿孔耳環
國際名牌飾品, SWAROVSKI 施華洛世奇 Further璀璨水晶環形交織可調整玫瑰金手鍊
國際名牌飾品, GEORG JENSEN 經典925純銀黑瑪瑙釦式造型手鍊(銀)
國際名牌飾品, apm MONACO METEORITES系列晶鑽鑲飾小流星珍珠設計單只純銀耳環(銀)
國際名牌飾品, CK Calvin Klein 簡單時尚款黑色手環
國際名牌飾品, CHANEL 經典雙C LOGO點點設計金屬耳環(金)
國際名牌飾品, apm MONACO METEORITES系列晶鑽鑲飾流星設計純銀頸環(銀)
國際名牌飾品, Daisy 純銀鍍K金+白琺瑯雛菊針式耳環-1.8
國際名牌飾品, Georg Jensen -HEARTS OF GEORG JENSEN 18K金愛心項鍊
國際名牌飾品, 施華洛世奇 Moonsun 玫金色日月閃耀流星穿孔耳環
國際名牌飾品, Pandora 潘朵拉 soul mates刻字愛心吊牌鑲鋯 垂墜純銀墜飾
國際名牌飾品, Pandora 潘朵拉 閃耀鑲鋯帆船 垂墜純銀墜飾 串珠
國際名牌飾品, GEORG JENSEN 漢寧古柏 純銀 美人魚墜子
國際名牌飾品, Pandora 潘朵拉 鏤空蜻蜓愛意 垂墜純銀墜飾
國際名牌飾品, Georg Jensen LOVE KNOT單結純銀手環
國際名牌飾品, apm MONACO PURE系列晶鑽鑲飾結繩設計珍珠單只純銀耳環(銀)
國際名牌飾品, BVLGARI 經典B.zero1系列品牌字母烙印三色K金壓釦橢圓手環(M/L)
國際名牌飾品, SWAROVSKI 施華洛世奇 NICE璀璨水晶羽毛造型銀色項鍊
國際名牌飾品, Georg Jensen 2007年度項鍊「石榴石款」
國際名牌飾品, LV Q93127 Empreinte系列Monogram花卉鑲鑽吊墜白K金項鍊
國際名牌飾品, HERMES KELLY款鎖頭造型皮革項鍊(金/黑)
國際名牌飾品, Pandora 潘朵拉 玫瑰金水鑽 純銀墜飾 串珠
國際名牌飾品, SWAROVSKI施華洛世奇 LIFELONG HEART 雙色水晶項鍊
國際名牌飾品, Pandora 潘朵拉 魅力金色光點琺瑯 純銀墜飾 串珠
國際名牌飾品, Georg Jensen 喬治傑生- MOONLIGHT GRAPES 純銀手鐲
國際名牌飾品, HERMES Caleche經典馬車LOGO印花圖騰琺瑯窄版手環-暗紅X銀
國際名牌飾品, apm MONACO LES CASCADES系列晶鑽鑲飾閃耀純銀指骨戒(銀)
國際名牌飾品, 施華洛世奇 Infinity 玫金色愛無限Y形項鏈
國際名牌飾品, CK Calvin Klein 現代時尚風的消光黑色手環
國際名牌飾品, Georg Jensen Infinity #452 純銀手鍊
國際名牌飾品, Georg Jensen 1995年度 設計師純銀項鍊-復刻版
國際名牌飾品, HERMES collier de chien金屬鉚釘鱷魚皮寬版手環(S-黑X金)
國際名牌飾品, MONT BLANC 萬寶龍 黑色鏤空LOGO圖樣寬面戒指-50/52/54號
國際名牌飾品, apm MONACO法國精品珠寶 閃耀鑲鋯波浪曲線造型銀色耳環
國際名牌飾品, BALENCIAGA 巴黎世家三角壓克力X金屬閃電鑰匙圈吊飾(深紫)
國際名牌飾品, Georg Jensen Infinity「無限愛戀」純銀項鍊
國際名牌飾品, SWAROVSKI施華洛世奇 賓尼兔水晶項鍊
國際名牌飾品, Pandora 潘朵拉 魅力鏤空掌印 純銀墜飾 串珠
國際名牌飾品, HERMES 愛馬仕經典印花圖騰琺瑯寬版手環-灰X紅X黑
國際名牌飾品, HERMES 愛馬仕經典印花圖騰琺瑯寬版手環-灰X紅X黑
國際名牌飾品, CHANEL 香奈兒壓克力圓牌水鑽鑲嵌雙C LOGO穿式耳環
國際名牌飾品, 施華洛世奇 Naughty 玫金色輕柔白羽翼穿孔耳環
國際名牌飾品, Georg Jensen 2006年度耳環「月光石款」(夾式)
國際名牌飾品, HERMES Clic H LOGO琺瑯中版手環(靛藍X金-PM)
國際名牌飾品, 施華洛世奇 Shell 淡金色唯美貝殼耳釘
國際名牌飾品, Pandora 潘朵拉 垂墜雙喜鋯石愛心 純銀墜飾 串珠
國際名牌飾品, CALVIN KLEIN Senses 系列玫瑰金雙色唯美手環-M
國際名牌飾品, Georg Jensen 2015年度 純銀項鍊
國際名牌飾品, Georg Jensen 喬治傑生 - MINIPHANT 迷你象存錢筒
國際名牌飾品, apm MONACO 晶鑽鑲飾雙流星設計純銀戒指-銀
國際名牌飾品, CHANEL A86504 香奈兒 經典雙C LOGO水鑽鑲嵌耳環(耳針式)
國際名牌飾品, CHANEL AB0819 金色經典雙C LOGO珍珠風綴邊水鑽嵌穿式耳環(耳針式)
國際名牌飾品, HERMES Iliade經典H LOGO日字銀飾項鍊.玫瑰金/黑
國際名牌飾品, HERMES 經典Kelly Double Tour銀色轉釦小牛皮雙圈手環(綠X銀-XS)
國際名牌飾品, apm MONACO法國精品珠寶 閃耀長方形鑲鋯可調整長項鍊
國際名牌飾品, SWAROVSKI 施華洛世奇 Dear 雙色心心相印水晶項鍊(鍍白金)
國際名牌飾品, DIOR 經典大小珠琉璃鑲飾造型穿式耳環(蘋果綠)
國際名牌飾品, Kate Spade You name it心型設計手鍊(玫瑰金)
國際名牌飾品, Georg Jensen 喬治傑森 2014年度 設計師項鍊
國際名牌飾品, 施華洛世奇 Power Collection 灰色瑰麗閃耀手環
國際名牌飾品, HERMES ISATIS 經典LOGO交錯飾品項鍊.銀/桃紅
國際名牌飾品, Georg Jensen 喬治傑生 - MOONLIGHT GRAPES 純銀耳環
國際名牌飾品, Georg Jensen 喬治傑生 - DAISY純銀項鍊 白瓷琺瑯
國際名牌飾品, Georg Jensen 喬治傑生 2007年度石榴石純銀夾式耳環
國際名牌飾品, Pandora 潘朵拉 圓形纏繞鑲鋯緞帶愛心 純銀墜飾 串珠
國際名牌飾品, Pandora 潘朵拉 魅力美國標誌 垂墜純銀墜飾
國際名牌飾品, apm MONACO EDITION FUN系列925銀水鑽鑲飾紅眼蛇形開口手鐲(S-銀)
國際名牌飾品, Georg Jensen 喬治傑生 2011年度銀石夾式耳環
國際名牌飾品, Pandora 潘朵拉 鋯石扣頭純銀手鍊
國際名牌飾品, CK Calvin Klein 時尚風的消光黑色長形項鍊(K7QBP280100)
國際名牌飾品, BOTTEGA VENETA手工編織單環小羊皮鉤式手環(XS/S/M/淺褐/灰鉤環
國際名牌飾品, HERMES 愛馬仕 Clic H LOGO琺瑯細版手環(檸檬黃X金-PM)
國際名牌飾品, HERMES 圖騰琺瑯細版手環(黑X金)
國際名牌飾品, HERMES 經典立體H LOGO簍空方塊項鍊(白X金)
國際名牌飾品, LOUIS VUITTON Q95018 Monogram花卉愛心吊飾珍珠串飾雙色18K金
國際名牌飾品, SWAROVSKI施華洛世奇 HOLLOW水晶項鍊
國際名牌飾品, 施華洛世奇 Naughty 玫金色輕柔黑羽翼項鏈
國際名牌飾品, CHANEL 經典雙C LOGO水鑽鑲嵌弧形穿式耳環(迷你-金)
國際名牌飾品, Georg Jensen 2013年度 青金石項鍊
國際名牌飾品, CALVIN KLEIN Tune 系列手鍊-金色
國際名牌飾品, 施華洛世奇 So Cool 淡金色長形穿孔耳環
國際名牌飾品, DIOR 經典J ADIORDIOR不對襯棉質編織手環組(粉紅)
國際名牌飾品, 施華洛世奇 Line Friends Skateboard 玫金色滑板熊大鏈墜
國際名牌飾品, DIOR 經典J ADIORDIOR不對襯棉質編織手環組(粉紅)
國際名牌飾品, 施華洛世奇 Line Friends Skateboard 玫金色滑板熊大鏈墜
國際名牌飾品, 施華洛世奇 Further 淡金色華麗別緻手鏈
國際名牌飾品, 施華洛世奇 Attract 耀眼迷人耳釘
國際名牌飾品, HERMES 愛馬仕 Clic 白色H LOGO琺瑯細版手環(PM-天鵝絨粉X銀)
國際名牌飾品, CHANEL 經典CC LOGO刻紋飾邊穿式耳環(金)
國際名牌飾品, Georg Jensen 喬治傑生 1992年度復刻銀石項鍊
國際名牌飾品, CHANEL 香奈兒經典雙C LOGO水鑽圍繞鑲嵌圓形針式耳環(金)
國際名牌飾品, Pandora 潘朵拉 曲棍球純銀墜
國際名牌飾品, CALVIN KLEIN 心動系列 玫瑰金開放式手環
國際名牌飾品, apm MONACO法國精品珠寶 閃耀銀色鑲鋯 Hérisson項鍊
國際名牌飾品, FENDI 小怪獸造型兩圈皮繩手環(黑色)
國際名牌飾品, CHANEL 香奈兒經典雙C LOGO水鑽圍繞鑲嵌圓形針式耳環
國際名牌飾品, Georg Jensen 2017年度 銀石純銀項鍊
國際名牌飾品, 施華洛世奇 Elephant 白金色漸層大象手鏈
國際名牌飾品, 施華洛世奇 Duo 白金色簡約湛藍手錶
國際名牌飾品, CHANEL 經典雙C LOGO黑白圓形水鑽鑲嵌框邊穿式耳環(黑X銀)
國際名牌飾品, CALVIN KLEIN Sumptuous 系列時尚同心圓銀項鍊
國際名牌飾品, 施華洛世奇 Flora 淡金色黃花穿孔耳環
國際名牌飾品, Georg Jensen 2016年度 銀石項鍊
國際名牌飾品, Calvin Klein CK DRAW 優雅玫瑰金縷空手環
國際名牌飾品, HERMES 經典立體H LOGO簍空橢圓穿式耳環 (酒紅X玫瑰金)
國際名牌飾品, HERMES Farandole系列經典LOGO造型T釦純銀手鍊(銀)
國際名牌飾品, 施華洛世奇 Crystalline Nova 玫金色白水晶圓珠筆
國際名牌飾品, Pandora 潘朵拉 魅力Rob Bot 垂墜純銀墜飾
國際名牌飾品, CHANEL 香奈兒經典雙C LOGO三色珍珠造型雙層長項鍊(黑)
國際名牌飾品, Georg Jensen 喬治傑生 - MOONLIGHT GRAPES 純銀葡萄項鍊
國際名牌飾品, Pandora 潘朵拉 編織型滿鑲鋯石墜
國際名牌飾品, apm MONACO 黑晶鑽鑲飾流星設計純銀戒指-黑
國際名牌飾品, CALVIN KLEIN Da戒指 系列鏤空立體方塊造型鋼色戒指-6
國際名牌飾品, Pandora 潘朵拉 迪士尼系列 小蟋蟀吉明尼 垂墜純銀墜飾
國際名牌飾品, GEORG JENSEN-INFINITY 純銀耳環
國際名牌飾品, Georg Jensen 鏤空愛心純銀項鍊-大
國際名牌飾品, CHANEL 經典大雙C LOGO水鑽珍珠交錯鑲嵌造型項鍊(金)
國際名牌飾品, DIOR 經典TRIBALES系列CD LOGO珍珠星星簍空垂墜造型穿式耳環(金)
國際名牌飾品, 施華洛世奇 Sparkling 玫金色簡約雙圓單鑽手環
國際名牌飾品, apm MONACO法國精品珠寶 閃耀深灰銀色閃捕夢網造型 耳針式耳環
國際名牌飾品, BVLGARI 寶格麗 Serpenti系琺瑯雙蛇頭雙釦環繞式手環 (黑色)
國際名牌飾品, 施華洛世奇 Infinity 白金色愛無限手鐲
國際名牌飾品, HERMES愛馬仕POP H字母立體簍空橢圓LOGO穿式耳環(粉x銀)
國際名牌飾品, CHANEL 經典雙C LOGO水鑽鑲嵌墜飾穿式耳環(銀)
國際名牌飾品, 施華洛世奇 Bee a Queen 淡金色女皇蜂項鏈
國際名牌飾品, HERMES Kelly Dog Extreme鉚釘轉釦小牛皮寬手環(S-黑X金-R年)
國際名牌飾品, CHANEL 經典雙C LOGO水鑽鑲嵌鏤空山茶花朵墜飾項鍊(銀)
國際名牌飾品, 施華洛世奇 Crystalline Nova 玫金色紅水晶圓珠筆
國際名牌飾品, Georg Jensen 喬治傑生 - DAISY 純銀鍍金項鍊 白瓷琺瑯
國際名牌飾品, 施華洛世奇 Eternal Flower Bee 淡金色蜜蜂穿孔耳環
國際名牌飾品, apm MONACO METEORITES系列晶鑽鑲飾閃耀繁星鑲鋯純銀指骨戒(銀)
國際名牌飾品, Georg Jensen Hidden Heart 純銀項鍊
國際名牌飾品, CHANEL 經典方鑽鑲飾雙C LOGO鏤空造型項鍊(金)
國際名牌飾品, 施華洛世奇 Naughty 玫金色輕柔黑羽翼Y型項鏈
國際名牌飾品, 125週年系列施華洛世奇 Dancing Swan 白金色舞動天鵝藍水晶垂墜項鏈
國際名牌飾品, 施華洛世奇 North 玫金色躍動光彩水晶手環
國際名牌飾品, SWAROVSKI 施華洛世奇 天鵝造型水晶銀色項鍊
國際名牌飾品, CHARRIOL 夏利豪經典徹爾斯鋼索玫瑰金手環
國際名牌飾品, Georg Jensen 喬治傑生 2007年度設計師夾式耳環
國際名牌飾品, DIOR 可愛星星造型穿式掛勾耳環(紅)
國際名牌飾品, 施華洛世奇 Further 白金色華麗別緻手鏈
國際名牌飾品, 施華洛世奇 Tropical 淡金色熱帶風情項鏈
國際名牌飾品, 125週年系列施華洛世奇 Dancing Swan 白金色舞動天鵝藍水晶垂墜項鏈
國際名牌飾品, 施華洛世奇 North 玫金色躍動光彩水晶手環
國際名牌飾品, SWAROVSKI 施華洛世奇 天鵝造型水晶銀色項鍊
國際名牌飾品, CHARRIOL 夏利豪經典徹爾斯鋼索玫瑰金手環
國際名牌飾品, Georg Jensen 喬治傑生 2007年度設計師夾式耳環
國際名牌飾品, DIOR 可愛星星造型穿式掛勾耳環(紅)
國際名牌飾品, 施華洛世奇 Further 白金色華麗別緻手鏈
國際名牌飾品, 施華洛世奇 Tropical 淡金色熱帶風情項鏈
國際名牌飾品, HERMES 經典Clic H LOGO琺瑯中版手環(白X金)
國際名牌飾品, CHANEL 經典水鑽排列鑲飾雙C LOGO造型穿式耳環(金)
國際名牌飾品, CK  Calvin Klein  黑色款自我個性風手環
國際名牌飾品, Tory Burch 經典金屬雙T LOGO 珍珠長項鍊(金色)
國際名牌飾品, Pandora 潘朵拉 迪士尼系列米奇琺瑯 純銀墜飾 串珠
國際名牌飾品, HERMES 愛馬仕 Clic H LOGO琺瑯細版手環(玫瑰糖粉X銀-PM)
國際名牌飾品, Georg Jensen 2006年度項鍊「月光石款」
國際名牌飾品, apm MONACO JUNGLE系列925銀水鑽鑲飾綠眼蛇形耳骨環繞穿式耳環(銀)
國際名牌飾品, Calvin Klein CK Jewellery WARM 溫情系列愛戀湧現玫瑰金項鍊
國際名牌飾品, CHANEL 經典雙C Logo水鑽鑲嵌穿式耳環(金)
國際名牌飾品, GEORG JENSEN-DAISY純銀鍍金鍊墜 白色琺瑯
國際名牌飾品, kate spade Yours truly愛心設計鑽鑲飾穿式耳環(金x白)
國際名牌飾品, GEORG JENSEN-DAISY 純銀鍊墜 白琺瑯
國際名牌飾品, apm MONACO XL系列晶鑽鑲飾別針設計純銀珍珠戒指-銀
國際名牌飾品, CHANEL 經典雙C LOGO不規則紋路造型水鑽鑲嵌穿式耳環(金)
國際名牌飾品, CHANEL 經典鍊帶裝飾雙C LOGO項鍊(金)
國際名牌飾品, HERMES Caleche經典馬車LOGO印花圖騰琺瑯中版手環(白X金)
國際名牌飾品, Georg Jensen Dew Drop 水晶耳環(針式)
國際名牌飾品, HERMES 經典O Kelly系列鎖頭造型穿式耳環(黑X金)
國際名牌飾品, CALVIN KLEIN side 系列項鍊-玫瑰金版
國際名牌飾品, 施華洛世奇 Infinity Mini 白金色無限璀璨穿孔耳環
國際名牌飾品, Pandora 潘朵拉 魅力愛情骰子鑲鋯 純銀墜飾 串珠
國際名牌飾品, Pandora 潘朵拉 垂墜鑲鋯搪瓷香檳 純銀墜飾 串珠
國際名牌飾品, apm MONACO法國精品珠寶 閃耀銀色鑲鋯一千零一夜星芒戒指
國際名牌飾品, kate spade經典貓咪設計珍珠鑲飾雙環戒指(黑)
國際名牌飾品, 施華洛世奇 Crystalline Nova 玫金色白水晶走珠筆
國際名牌飾品, HERME 船錨造型S925純銀T釦大型長項鍊
國際名牌飾品, CHANEL 經典雙C LOGO麻花造型水鑽鑲嵌穿式耳環(金)
國際名牌飾品, CHANEL 香奈兒經典大雙C LOGO瑪瑙項鍊
國際名牌飾品, HERMES Collier De Chien金屬Epsom牛皮寬版手環-橘色
國際名牌飾品, CHANEL 經典CC LOGO鏤空墜飾圓形滾邊黑白珍珠鑲嵌造型項鍊(金)
國際名牌飾品, HERMES Kelly Double Tour 金色轉釦Epsom牛皮二圈手環-橘X金
國際名牌飾品, HERMES H POP款LOGO圓弧型項鍊(深藍/金)
國際名牌飾品, HERMES Clic H LOGO琺瑯中版手環(PM-黑X金-Q年)
國際名牌飾品, kate spade經典三色堇設計鑽鑲飾穿式耳環(珍珠粉)
國際名牌飾品, HERMES H POP款LOGO圓弧型項鍊(深藍/金)
國際名牌飾品, HERMES Clic H LOGO琺瑯中版手環(PM-黑X金-Q年)
國際名牌飾品, kate spade經典三色堇設計鑽鑲飾穿式耳環(珍珠粉)
國際名牌飾品, CHANEL菱格紋雙C LOGO圓牌耳環(粉色)
國際名牌飾品, 施華洛世奇 Swan Lake 經典天鵝水晶鏈墜
國際名牌飾品, 施華洛世奇 Sparkling 白金色簡約雙圓藍鑽手環
國際名牌飾品, SWAROVSKI 施華洛世奇 玫瑰金天鵝長版耳環
國際名牌飾品, HERMES 質感牛皮打造單圈手環(黑/光亮銀扣)
國際名牌飾品, Georg Jensen 喬治傑生 - DAISY 18K金鑽石項鍊　白瓷琺瑯
國際名牌飾品, HERMES RIVALE系列金屬鉚釘小牛皮細版雙圈手環(M-R年-橘X金)
國際名牌飾品, apm MONACO JUNGLE系列925銀水鑽鑲飾綠眼蛇形穿式耳環(銀)
國際名牌飾品, 施華洛世奇 Eternal Flower 白金色璀璨黃花耳釘
國際名牌飾品, kate spade經典帝國大廈設計鑽鑲飾穿式耳環(銀)
國際名牌飾品, CK Calvin Klein  交織魅力與時尚款手環-黑色
國際名牌飾品, CHANEL 經典鑲鑽山茶花XNO.5 盾牌造型項鍊(粉)
國際名牌飾品, 施華洛世奇 Remix Collection Strand Symbol 多色閃耀星芒飾鏈
國際名牌飾品, 施華洛世奇 Crystalline 玫金色淘氣鼠圓珠筆
國際名牌飾品, 施華洛世奇 One 白金色熱情紅愛心手鏈
國際名牌飾品, CHARRIOL 夏利豪 經典徹爾斯鋼索雙愛心戒指
國際名牌飾品, Pandora 潘朵拉 水晶刻紋純銀墜
國際名牌飾品, CK Calvin Klein 自我魅力的長形時尚項鍊
國際名牌飾品, Pandora 潘朵拉 純銀醜小鴨墜
國際名牌飾品, SWAROVSKI 施華洛世奇 Cupid水晶鑰匙圈
國際名牌飾品, BVLGARI 寶格麗 Serpenti系琺瑯雙蛇頭環繞式手環 (糖果石英色/S)
國際名牌飾品, 施華洛世奇 Sunshine 玫金色溫暖太陽白鑽項鏈
國際名牌飾品, apm MONACO法國精品珠寶 閃耀玫瑰金繁星珍珠鑲鋯耳針式耳環
國際名牌飾品, CHANEL 經典雙C LOGO原珠排列圓形穿式耳環(藍灰X金)
國際名牌飾品, HERMES Clic H LOGO琺瑯中版手環(中國紅X銀-PM)
國際名牌飾品, Georg Jensen 喬治傑生 579A 雙愛心純銀項鍊
國際名牌飾品, 施華洛世奇 Crystalline Aura 玫金色湛藍光彩手錶
國際名牌飾品, BVLGARI 寶格麗PARENTESI系列磚縫造型18K白金長項鍊
國際名牌飾品, CHANEL 經典CC LOGO小珍珠鑲嵌雙層珍珠長項鍊(金)
國際名牌飾品, 施華洛世奇 Dancing Swan 白金色舞動天鵝項鏈
國際名牌飾品, CHANEL 香奈兒經典雙C LOGO大珍珠造型髮束(金)
國際名牌飾品, CALVIN KLEIN Da戒指 系列鏤空立體方塊造型玫瑰金戒指-8
國際名牌飾品, HERMES Constance系列經典H LOGO單鑽鑲嵌玫瑰金手提包造型墜飾項鍊
國際名牌飾品, CHANEL 經典雙C LOGO水鑽鑲嵌穿式耳環(黑銀)
國際名牌飾品, GEORG JENSEN-MOONLIGHT GRAPES 全耳式純銀耳環
國際名牌飾品, SWAROVSKI 金色松鼠造型立體水晶雕塑掛飾
國際名牌飾品, HERMES CLIC H LOGO琺瑯扣式手環(黑/玫瑰金/PM)
國際名牌飾品, 施華洛世奇  Remix Collection Round 閃亮光環鍍玫瑰金色飾鏈
國際名牌飾品, 施華洛世奇 Sparkling 白金色簡約雙圓單鑽手環
國際名牌飾品, CHANEL 經典雙C LOGO立體圓形水鑽穿式耳環 (黑色)
國際名牌飾品, CHANEL 經典不規則方鑽搭花型水鑽雙C LOGO金屬墬飾樹脂圓珠手鏈 (銀色)
國際名牌飾品, 施華洛世奇 Eternal Flower 白金色璀璨粉紅花手鏈
國際名牌飾品, CALVIN KLEIN bubbly 系列耳飾-香檳金色
國際名牌飾品, CK Calvin Klein 時尚雋永的ENTERNITYE 手鍊-銀色
國際名牌飾品, Kate spade Say Yes LOVE戀愛文字設計鑽鑲飾項鍊(金)
國際名牌飾品, GUCCI G LOGO鉚釘925純銀項鍊
國際名牌飾品, Georg Jensen Sphere 黑瑪瑙+純銀項鍊
國際名牌飾品, Georg Jensen 喬治傑生 2002年度設計師針式耳環
國際名牌飾品, Pandora 潘朵拉 純銀墜-鏤空蝴蝶
國際名牌飾品, HERMES 經典POP立體H LOGO簍空橢圓穿式耳環(栗棕X金)
國際名牌飾品, HERMES collier de chien金屬鉚釘亮面鱷魚皮寬版手環(S-咖啡X金)
國際名牌飾品, CHANEL 經典CC LOGO大珍珠立體穿式耳環
國際名牌飾品, Georg Jensen Forget me knot 永誌不忘純銀手環
國際名牌飾品, apm MONACO法國精品珠寶 閃耀銀色曲線雙圈鑲鋯開口手環手鐲
國際名牌飾品, DIOR 經典品牌LOGO星星裝飾造型手鍊(古銅金)
國際名牌飾品, CHANEL 經典CC LOGO雙排雙色水鑽鑲嵌樹脂造型胸針(藍X紅)
國際名牌飾品, GEORG JENSEN-HIDDEN HEART 純銀鍊墜
國際名牌飾品, apm MONACO法國精品珠寶 金色雙海星單邊耳環
國際名牌飾品, Kate spade Tropical paradise鸚鵡頭設計鑽鑲飾項鍊(玫瑰金)
國際名牌飾品, HERMES 經典Pop H立體簍空橢圓LOGO項鍊(橙X金)
國際名牌飾品, SWAROVSKI LOVLOTS系列駱駝造型立體水晶
國際名牌飾品, SWAROVSKI施華洛世奇ATTRACT金頸鍊
國際名牌飾品, kate spade經典貓咪設計珍珠鑲飾穿式耳環(黑)
國際名牌飾品, HERMES 經典Mini Dog Simple Tour銀色圓形飾釘鑲嵌小牛皮手環-黑
國際名牌飾品, 施華洛世奇 Shell 淡金色唯美貝殼鏈墜
國際名牌飾品, HERMES Clic H LOGO琺瑯中版手環(白X玫瑰金)
國際名牌飾品, apm MONACO VALENTINE系列晶鑽鑲飾流星母貝設計金黃色純銀耳環(金)
國際名牌飾品, CALVIN KLEIN 精巧系列 垂墜飾耳環
國際名牌飾品, Georg Jensen 喬治傑生- 1999 HERITAGE年度項鍊復刻版 橘色月光石
國際名牌飾品, apm MONACO法國精品珠寶 閃耀金色太陽造型耳針式耳環
國際名牌飾品, 施華洛世奇 Bee a Queen 玫金色耀動皇冠穿孔耳環
國際名牌飾品, 施華洛世奇 Infinity 白金色愛無限項鏈
國際名牌飾品, BOTTEGA VENETA 經典編織水蛇皮和羊皮雙繩手環(M-愛爾蘭綠)
國際名牌飾品, kate spade經典簍空雲朵設計穿式耳環(金)
國際名牌飾品, MARC BY MARC JACOBS奶油色底金字硬材質圓形手環
國際名牌飾品, HERMES愛馬仕POP H字母立體簍空橢圓LOGO穿式耳環(石榴紅x玫瑰金)
國際名牌飾品, CHARRIOL 夏利豪 經典徹爾斯鋼索手環
國際名牌飾品, Georg Jensen Sphere 珍珠+純銀手環
國際名牌飾品, Georg Jensen  2011年度玫瑰石夾式耳環
國際名牌飾品, GEORG JENSEN 經典Hearts of Georg Jensen系列K金心型項鍊
國際名牌飾品, GEORG JENSEN HAH系列925氧化純銀皺褶造型吊墜項鍊
國際名牌飾品, 125週年系列施華洛世奇 One 白金色藍水晶愛心耳釘
國際名牌飾品, DIOR 經典CD LOGO水鑽/珍珠裝飾項鍊(金)
國際名牌飾品, CHANEL 經典雙C LOGO方圓水鑽鑲嵌樹脂造型胸針
國際名牌飾品, HERMES 經典品牌馬車LOGO方形絲巾釦環(銀)
國際名牌飾品, GUCCI 馬蹄環釦純銀墜飾手鍊/手環
國際名牌飾品, CHARRIOL 夏利豪 經典徹爾斯鋼索雙色玫瑰金色手環
國際名牌飾品, apm MONACO法國精品珠寶 閃耀銀色鑲鋯曼陀羅項鍊
國際名牌飾品, DIOR VICTORIAN MEX鍍鈀復古金屬琉璃圓珠設計手環 (金色)
國際名牌飾品, HERMES Clic 米白色H LOGO琺瑯中版手環(橘X銀-PM)
國際名牌飾品, Georg Jensen 258 小葡萄純銀項鍊
國際名牌飾品, SWAROVSKI施華洛世奇 蛋糕車水晶擺飾
國際名牌飾品, Pandora 潘朵拉 純銀巨石墜
國際名牌飾品, 施華洛世奇 Lifelong Heart 白金色戀之結穿孔耳環
國際名牌飾品, HERMES愛馬仕POP H字母立體簍空橢圓LOGO穿式耳環(石榴紅x銀)
國際名牌飾品, HERMES Clic H LOGO琺瑯中版手環(PM-黑X金-Q年)
國際名牌飾品, HERMES Behapi Simpl雙面兩穿小牛皮銀色H LOGO穿釦單圈手環-綠X墨綠
國際名牌飾品, 施華洛世奇 Tropical Parrot 淡金色熱帶鸚鵡穿孔耳環
國際名牌飾品, Dior J adior Double Bracelet古銅金J adior星星牛皮雙圈手環(焦糖)
國際名牌飾品, Calvin Klein CK 俐落極簡風格LOGO手環
國際名牌飾品, CK Calvin Klein 簡潔俐落款個性風戒指
國際名牌飾品, VALENTINO ROCKSTUD 鉚釘小牛皮寬版手環(綠色)
國際名牌飾品, 施華洛世奇 Line Friends Tennis 淡金色網球莎莉穿孔耳環
國際名牌飾品, Pandora 潘朵拉 漩渦鑲鋯造型 純銀墜飾 串珠
國際名牌飾品, apm MONACO法國精品珠寶 經典別針珍珠造型鑲鋯戒指
國際名牌飾品, DIOR 經典J Adior系列鍍金復古金屬水鑽鑲飾不對稱蜜蜂造型穿式耳環(金)
國際名牌飾品, HERMES 經典Clic系列H LOGO琺瑯細版手環(橘X銀-PM)
國際名牌飾品, 施華洛世奇 Remix Collection 玫金色輕柔黑羽翼飾鏈
國際名牌飾品, GEORG JENSEN-INFINITY 純銀圈式耳環 大
國際名牌飾品, kate spade經典珍珠串鍊設計鑽鑲飾緞帶式項鍊(金)
國際名牌飾品, CHLOE PADDINGTON KEYS系列鎖X鑰匙吊飾黃銅手環 (金)
國際名牌飾品, HERMES collier de chien金屬鉚釘山羊皮寬版手環(S-橘紅X金-Q年)
國際名牌飾品, CHANEL 方形水晶鑲嵌珍珠裝飾琺瑯蝴蝶造型胸針(黑)
國際名牌飾品, kate spade Yours truly愛心設計鑽鑲飾穿式耳環(玫瑰金x白)
國際名牌飾品, 施華洛世奇 So Cool 白金色璀璨耳釘
國際名牌飾品, 施華洛世奇 My Hero 多色雲朵羽翼項鏈
國際名牌飾品, 施華洛世奇 Power Collection 紅色瑰麗閃耀手環
國際名牌飾品, apm MONACO法國精品珠寶 閃耀銀色雙圈鑲鋯戒指
國際名牌飾品, 施華洛世奇 Dancing Swan 白金色舞動天鵝穿孔耳環
國際名牌飾品, GEORG JENSEN # 9 Moonlight 月光石針式耳環
國際名牌飾品, DIOR 鎖匙別針星星造型夾式耳環(銀)
國際名牌飾品, Georg Jensen 喬治傑生 - 2020 HERITAGE年度項鍊 黑珍珠母貝
國際名牌飾品, Georg Jensen 喬治傑生 - 2020 HERITAGE年度耳環 黑珍珠母貝
國際名牌飾品, apm MONACO SYMBOLE系列晶鑽鑲飾符號設計純銀耳環(金)
國際名牌飾品, Georg Jensen Dew Drop 白水晶墜+純銀頸圈
國際名牌飾品, CHANEL 經典雙C LOGO橢圓方塊型水鑽鑲嵌胸針 (棕金色)
國際名牌飾品, Pandora 潘朵拉 垂墜字母I亮鑽 純銀墜飾 串珠
國際名牌飾品, GEORG JENSEN Magic 白金墜子手鍊
國際名牌飾品, 施華洛世奇 Attract Soul 白金色幾何手鏈
國際名牌飾品, CHANEL 經典CC LOGO鎖鍊造型水鑽鑲嵌穿式耳環(金)
國際名牌飾品, SWAROVSKI 施華洛世奇白色水晶筆
國際名牌飾品, apm MONACO法國精品珠寶 鑲晶鑽雙繁星不對稱銀色耳環
國際名牌飾品, HERMES 經典小牛皮結合金屬粗鍊雙圈手環(黑X銀)
國際名牌飾品, kate Spade x Minnie mouse聯名款米妮設計鑽鑲式項鍊(金)
國際名牌飾品, CHANEL 立體珍珠點綴水鑽戒指 #54/金色
國際名牌飾品, MONT BLANC 萬寶龍 六角星墜飾純銀項鍊
國際名牌飾品, MONT BLANC 粉紫色六角星純銀手鍊
國際名牌飾品, 施華洛世奇 Dazzling Swan 玫金色光彩粉紅天鵝長形穿孔耳環
國際名牌飾品, GEORG JENSEN-MOEBIUS 純銀耳環
國際名牌飾品, BVLGARI B.ZERO 1系列18K玫瑰金鑲飾不鏽鋼半圈手鐲(玫瑰金X銀)
國際名牌飾品, 施華洛世奇 Shell 淡金色唯美貝殼手鏈
國際名牌飾品, kate spade經典簡約水手結設計穿式耳環(玫瑰金)
國際名牌飾品, Karl Lagerfeld FACETED CHOUPETTE貓咪水晶造型手環
國際名牌飾品, HERMES Clic H LOGO琺瑯細版手環(黑X金-Q年)
國際名牌飾品, CALVIN KLEIN  Spicy 系列魅力時尚雙色金手鍊
國際名牌飾品, GEORG JENSEN 漢寧古柏 純銀 愛心 墜子
國際名牌飾品, CALVIN KLEIN side 系列手鍊
國際名牌飾品, SWAROVSKI 施華洛世奇骷髏頭雙翼造型水鑽/水晶鑲嵌項鍊
國際名牌飾品, DIOR 經典Clair D Lune CD LOGO水鑽鑲飾造型穿式耳環(金)
國際名牌飾品, 施華洛世奇 Iconic Swan 淡金色紅天鵝穿孔耳環
國際名牌飾品, HERMES愛馬仕POP H字母立體簍空橢圓LOGO穿式耳環(黑x金)
國際名牌飾品, GEORG JENSEN-SAVANNAH 純銀耳環 鑲嵌水晶
國際名牌飾品, CHARRIOL 夏利豪 經典徹爾斯鋼索托帕石星星戒指
國際名牌飾品, 施華洛世奇 Symbol 玫金色旋月星芒項鏈
國際名牌飾品, CALVIN KLEIN Daring 系列率性優雅白鋼長項鍊
國際名牌飾品, DIOR 經典EVOLUTION系列品牌LOGO寶石鑲飾造型手鍊(古銅金)
國際名牌飾品, Dior Tribales 鍍金復古金屬白色水晶和白色珍珠蜜蜂穿式耳環
國際名牌飾品, 施華洛世奇 Sparkling Dance Heart 心型玫瑰金項鏈
國際名牌飾品, Georg Jensen 258 葡萄黑瑪瑙+純銀項鍊-小
國際名牌飾品, 施華洛世奇 So Cool Pearl 淡金色別針造型穿孔耳環
國際名牌飾品, DIOR 經典EVOLUTION品牌LOGO造型手鍊組(古銅金)
國際名牌飾品, 施華洛世奇 Sparkling Dance Clover 玫金色粉紅跳舞鑽穿孔耳環
國際名牌飾品, 施華洛世奇 Infinity 白金色流線無限項鏈
國際名牌飾品, Calvin Klein Spicy系列手鍊
國際名牌飾品, 施華洛世奇 Infinity Heart 鍍多色愛無限心形項鏈
國際名牌飾品, CK Calvin Klein  Jewellery WARM 溫情系列愛戀湧現玫瑰金手鍊
國際名牌飾品, 施華洛世奇 Crystal Rose 玫金色耀黑光芒手錶
國際名牌飾品, SWAROVSKI 雪人造型立體水晶
國際名牌飾品, Georg Jensen 2007年度石榴石純銀胸針
國際名牌飾品, HERMES CLIC H LOGO琺瑯扣式手環(粉/玫瑰金/PM)
國際名牌飾品, SWAROVSKI 施華洛世奇 SPARKLING璀璨浮動圓形水晶手環手鍊(三色任選)
國際名牌飾品, CHARRIOL 夏利豪經典徹爾斯鋼索玫瑰金手環
國際名牌飾品, HERMES 經典立體H LOGO簍空方塊項鍊(暗橘X銀)
國際名牌飾品, SWAROVSKI施華洛世奇 ICONIC SWAN水晶穿孔耳環
國際名牌飾品, Georg Jensen PEAK 經典純銀手環
國際名牌飾品, apm MONACO BONBON系列晶鑽鑲飾納米鋯石環形設計純銀耳環(綠)
國際名牌飾品, apm MONACO法國精品珠寶 閃耀銀色鑲鋯PAC項鍊
國際名牌飾品, apm MONACO法國精品珠寶 閃耀銀色鑲鋯PROTECTION 愛心耳扣 單邊耳針式耳環
國際名牌飾品, 施華洛世奇 Shell 淡金色唯美貝殼頸鍊
國際名牌飾品, HERMES愛馬仕POP經典H字母立體簍空橢圓LOGO穿式耳環(深藍x金)
國際名牌飾品, Georg Jensen Peak 純銀耳環
國際名牌飾品, apm MONACO SYMBOLE系列晶鑽鑲飾符號不對稱設計純銀耳環(銀)
國際名牌飾品, CALVIN KLEIN  Hook 系列純粹經典玫瑰金戒指-7
國際名牌飾品, HERMES Kelly Double Tour小牛皮二圈手環-紫玫瑰X玫瑰金
國際名牌飾品, TODS 真皮壓紋三環釦手環-M/L號(咖啡色)
國際名牌飾品, 125週年系列施華洛世奇 Sunshine 白金色暖陽藍水晶穿孔耳環
國際名牌飾品, Tory Burch 經典金屬雙T LOGO 墜飾長項鍊(玫瑰金)
國際名牌飾品, 施華洛世奇 Infinity 白金色無限璀璨穿孔耳環
國際名牌飾品, apm MONACO法國精品珠寶 閃耀銀色鑲鋯繁星珍珠單邊耳針式耳環
國際名牌飾品, HERMES 經典Pop H立體簍空橢圓LOGO項鍊(金X暗灰)
國際名牌飾品, CHANEL Salzburg系列白花X空中纜車造型墜飾項鍊
國際名牌飾品, 施華洛世奇 Lifelong Bow 多色優雅蝴蝶結項鏈
國際名牌飾品, 施華洛世奇 Remix Collection Strand 多色色夢遊旋月飾鏈
國際名牌飾品, LV Q93558 復古感橢圓吊飾項鍊(紅)
國際名牌飾品, apm MONACO法國精品珠寶 閃耀銀色粉星球不對稱耳針式耳環
國際名牌飾品, HERMES 流蘇造形山羊皮鑰匙圈手袋吊飾(摩卡棕)
國際名牌飾品, apm MONACO法國精品珠寶 玫瑰金鑲鋯繁星不對稱耳環
國際名牌飾品, CHANEL 經典雙C LOGO水鑽琉璃珠鑲嵌編織造型項鍊(金)
國際名牌飾品, HERMES 經典POP立體H LOGO簍空橢圓穿式耳環(暗灰X銀)
國際名牌飾品, SWAROVSKI 施華洛世奇 璀璨風情長形水晶多層次垂墜項鍊
國際名牌飾品, HERMES 經典CLIC H LOGO琺瑯扣式手環.金/黑(GM)
國際名牌飾品, Georg Jensen #40 純銀葡萄耳環
國際名牌飾品, Georg Jensen Savannah 水晶 純銀項鍊
國際名牌飾品, Georg Jensen 喬治傑生 - 2020 HERITAGE年度耳環 紅玉髓
國際名牌飾品, BVLGARI 經典LOGO刻印黑瑪瑙鑲飾K金圓型穿式耳環(小_金)
國際名牌飾品, HERMES 經典立體H LOGO簍空橢圓穿式耳環(黑X金)
國際名牌飾品, Georg Jensen 喬治傑生 - DEW DROP 純銀項圈
國際名牌飾品, CHARRIOL 夏利豪 經典徹爾斯鋼索金色手環
國際名牌飾品, Georg Jensen 喬治傑生 - MOONLIGHT GRAPES 純銀項鍊 黑瑪瑙
國際名牌飾品, kate spade經典愛心設計鑽鑲飾穿式耳環(玫瑰金)
國際名牌飾品, kate Spade x Minnie mouse聯名款 米妮設計珍珠鑲式穿式耳環(黑)
國際名牌飾品, kate spade經典狐狸毛球設計鑽鑲飾穿式耳環(金X紅)
國際名牌飾品, HERMES 經典立體H LOGO簍空方塊項鍊(黑X金)
國際名牌飾品, HERMES 經典立體H LOGO簍空橢圓穿式耳環 (白X玫瑰金)
國際名牌飾品, DIOR 新款「TRIBALE」經典不對稱雙珍珠星星金屬穿式耳環 (粉膚)
國際名牌飾品, GEORG JENSEN-葡萄藤純銀項鍊 小
國際名牌飾品, CALVIN KLEIN Senses 系列玫瑰金雙色唯美手環-XS
國際名牌飾品, CALVIN KLEIN  Hook 系列純粹經典玫瑰金戒指-8
國際名牌飾品, Georg Jensen Sphere 紫水晶+純銀項鍊
國際名牌飾品, CHARRIOL 夏利豪 經典徹爾斯鋼索托帕石星星項鍊
國際名牌飾品, 施華洛世奇 So Cool 白金色別針造型項鏈
國際名牌飾品, kate spade Say Yes LOVE黑桃LOGO戀愛文字鑽鑲飾穿式耳環(金x白)
國際名牌飾品, HERMES 經典Pop H立體簍空橢圓LOGO項鍊(玫瑰粉X銀)
國際名牌飾品, kate spade經典貓耳朵設計鑽鑲飾鏈帶扣式手環(黑)
國際名牌飾品, Georg Jensen 257 葡萄黑瑪瑙+純銀項鍊-大
國際名牌飾品, 施華洛世奇 Line Friend Skate 玫金色滑冰熊大手鏈
國際名牌飾品, MONT BLANC 萬寶龍 星夜藍色波希米亞風墜飾純銀項鍊
國際名牌飾品, HERMES愛馬仕POP H字母立體簍空橢圓LOGO穿式耳環(淺藍x金)
國際名牌飾品, HERMES 經典Pop H立體簍空橢圓LOGO項鍊(磚紅色X銀)
國際名牌飾品, 施華洛世奇 Sparkling Dance 玫金色粉紅閃耀跳舞鑽穿孔耳環
國際名牌飾品, TODS 鱷魚紋真皮三環釦手環-M/L號(紅色)
國際名牌飾品, DIOR 經典D-Round系列水鑽鑲飾簍空圓形珠珠墜飾造型穿式耳環(金)
國際名牌飾品, 施華洛世奇 Starry Night Heart 玫金色繁星之心穿孔耳環
國際名牌飾品, GEORG JENSEN 喬治傑生-MOONLIGHT GRAPES 純銀手鐲
國際名牌飾品, GEORG JENSEN-SAVANNAH 純銀項鍊 水晶
國際名牌飾品, GEORG JENSEN-INFINITY 純銀圈式耳環 小
國際名牌飾品, HERMES愛馬仕POP H字母立體簍空橢圓LOGO穿式耳環(黑x銀)
國際名牌飾品, HERMES 經典Pop H立體簍空橢圓LOGO項鍊(粉彩藍X銀)
國際名牌飾品, apm MONACO法國精品珠寶 閃耀深灰銀色葉片造型耳針式耳環
國際名牌飾品, CHANEL 經典雙C水鑽鑲嵌造型墜飾項鍊(金)
國際名牌飾品, 施華洛世奇 Lifelong Heart 白金色戀之結手鐲
國際名牌飾品, HERMES Clic H LOGO琺瑯細版手環(紫X金-P年)
國際名牌飾品, LV M66367 經典Monogram花卉EPI壓紋吊飾/鑰匙圈(象牙白)
國際名牌飾品, 施華洛世奇 Prosperity 玫金色月光蝙蝠項鏈
國際名牌飾品, HERMES Kelly Dog系列鱷魚皮轉釦手環(黑X金)
國際名牌飾品, Georg Jensen Forget me knot 永誌不忘 純銀胸針
國際名牌飾品, Pandora 潘朵拉 穀物豐收鑲鋯 純銀墜飾 串珠
國際名牌飾品, BV BOTTEGA VENETA 純手工編織單環小羊皮手環(淺綠)
國際名牌飾品, KATE SPADE  黑桃LOGO耳針式耳環(金藍)
國際名牌飾品, DIOR 新款「J’Adior」鍍金復古金屬不對稱穿式耳環 (金色)
國際名牌飾品, Georg Jensen 喬治傑生 -2019 HERITAGE年度純銀針式耳環 銀石
國際名牌飾品, 施華洛世奇 Iconic Swan 淡金色紅天鵝項鍊 細碼
國際名牌飾品, CK Calvin Klein 現代時尚風的消光黑色項鍊
國際名牌飾品, MONT BLANC 萬寶龍 六角星純銀雙環釦手環(藍色)
國際名牌飾品, CK Calvin Klein return 一生一世對戀黑色風采項鍊
國際名牌飾品, kate spade經典蘋果設計鑽鑲飾穿式耳環(紅)
國際名牌飾品, JUICY COUTURE 銀色葉片造型耳環
國際名牌飾品, CALVIN KLEIN rocking 系列手鍊-立體方形玫瑰金版
國際名牌飾品, CHANEL 經典皮革穿繞雙C LOGO鏤空造型項鍊(黑X金)
國際名牌飾品, kate spade經典黑桃設計鑽鑲飾穿式耳環(玫瑰金)
國際名牌飾品, CHANEL 經典珍珠鑲嵌CC LOGO大小珍珠結造型多層項鍊(金)
國際名牌飾品, kate spade經典貓咪設計珍珠鑲飾穿式耳環(金)
國際名牌飾品, HERMES 經典Pop H立體簍空橢圓LOGO項鍊(暗灰X銀)
國際名牌飾品, Dior J adior Double Bracelet古銅金J adior星星牛皮雙圈手環(米白)
國際名牌飾品, CK Calvin Klein 時尚雋永的ENTERNITYE 項鍊-銀色
國際名牌飾品, 施華洛世奇 Solitaire 淡金色璀璨白水晶鏈墜
國際名牌飾品, HERMES H POP款LOGO圓弧型耳環(黑/銀)
國際名牌飾品, CHANEL 經典雙C LOGO星星水鑽鑲嵌設計墜飾項鍊(霧金)
國際名牌飾品, kate spade經典三色堇珍珠不對稱設計鑽鑲飾穿式耳環(珍珠白)
國際名牌飾品, kate spade經典三色堇設計鑽鑲飾穿式耳環(珍珠白)
國際名牌飾品, CHANEL 香奈兒經典水鑽鑲嵌雙C LOGO大小珍珠串連手鍊(金)
國際名牌飾品, HERMES 經典立體H LOGO簍空橢圓穿式耳環 (白X金)
國際名牌飾品, FENDI F Is系列大LOGO造型手環(金)
國際名牌飾品, 施華洛世奇 Crystalline 粉色灰色閃耀圓珠筆套組
國際名牌飾品, CALVIN KLEIN 愛戀”大”心型晶鑽圈玫瑰金項鍊-長項鍊
國際名牌飾品, MONT BLANC 萬寶龍 六角星純銀雙環釦手環(紅色)
國際名牌飾品, CELINE 經典Manchette金屬鏈條裝飾馬毛大手鐲(綠)
國際名牌飾品, DIOR 字母LOGO綠色銘排造型項鍊(銀)
國際名牌飾品, CHARRIOL 夏利豪 經典項鍊款/黑
國際名牌飾品, TODS 真皮壓紋三環釦手環-L號(黑色)
國際名牌飾品, SWAROVSKI 施華洛世奇 紅色水晶筆
國際名牌飾品, 【福利品】PANDORA 潘朵拉 亮粉色琺瑯愛心 純銀墜飾 串珠
國際名牌飾品, BVLGARI 經典LOGO刻印黑瑪瑙鑲飾K金圓型穿式耳環(金)
國際名牌飾品, CHANEL 新款琺瑯材質拼水鑽雙C LOGO大款胸針 (金色)
國際名牌飾品, Georg Jensen 554A Alliance 純銀手環
國際名牌飾品, HERMES 經典POP立體H LOGO簍空橢圓穿式耳環(柑橙色X金)
國際名牌飾品, GUCCI 字母「O」水晶鑲嵌鑰匙圈
國際名牌飾品, SWAROVSKI 施華洛世奇 黑色水晶天鵝造型玫瑰金項鍊(小)
國際名牌飾品, Georg Jensen #17 黑瑪瑙 針式耳環
國際名牌飾品, SWAROVSKI 施華洛世奇 DAZZLING SWAN粉色水晶天鵝Y型玫瑰金項鍊
國際名牌飾品, KATE SPADE 扇型彩鑽耳針式耳環(紫紅)
國際名牌飾品, SWAROVSKI 高飛Disney系列水晶墜飾
國際名牌飾品, 施華洛世奇 Impulsep 白金色經典白天鵝幸運繩結手鏈
國際名牌飾品, Pandora 潘朵拉 隔圈-淺紫鋯石鑲珠墜
國際名牌飾品, JUICY COUTURE 魅力派對帽造型俏麗吊飾
國際名牌飾品, 施華洛世奇 Impulsep 黑鉻色經典灰天鵝幸運繩結手鏈
國際名牌飾品, HERMES Cor PM系列小號造型吊掛墜飾(金)
國際名牌飾品, apm MONACO法國精品珠寶 閃耀玫瑰繁星鑲鋯項鍊
國際名牌飾品, Pandora 潘朵拉 愛心塘瓷墜-黑色
國際名牌飾品, kate spade經典貓頭鷹設計鑽鑲飾項鍊(金)
國際名牌飾品, kate spade經典三色堇設計鑽鑲飾穿式耳環(金)
國際名牌飾品, Georg Jensen Savannah 藍拓帕石 純銀項鍊
國際名牌飾品, CHANEL 經典雙C LOGO珍珠鑲飾造型胸針(黑X金)
國際名牌飾品, Calvin Klein CK DRAW 時尚縷空手環
國際名牌飾品, MARC BY MARC JACOBS金色六角造型手環
國際名牌飾品, HERMES H POP款LOGO圓弧型耳針式耳環(水藍/玫瑰金)
國際名牌飾品, HERMES愛馬仕POP經典H字母立體簍空橢圓LOGO穿式耳環(黑x玫瑰金)
國際名牌飾品, 施華洛世奇 Bee a Queen 白金色耀動皇冠穿孔耳環
國際名牌飾品, KATE SPADE 水鑽長項鍊(玫瑰金)
國際名牌飾品, Calvin Klein CK DRAW 優雅金色縷空手環
國際名牌飾品, GUCCI 字母「I」水晶鑲嵌鑰匙圈
國際名牌飾品, 施華洛世奇 Little 淡金色淘氣鼠項鏈
國際名牌飾品, 125週年系列施華洛世奇 Dancing Swan 白金色舞動天鵝藍水晶項鏈
國際名牌飾品, kate spade經典多樣圖案設計鑽鑲飾項鍊(金)
國際名牌飾品, MONT BLANC 萬寶龍 六角星釦環純銀項鍊
國際名牌飾品, 施華洛世奇 Symbol 玫金色耀眼星辰項鏈
國際名牌飾品, HERMES 經典立體H LOGO簍空橢圓穿式耳環 (松石綠X銀)
國際名牌飾品, HERMES 經典POP立體H LOGO簍空橢圓穿式耳環(印度黃X金)
國際名牌飾品, MONT BLANC 萬寶龍 白色六角星造型墜飾寬版純銀戒指-52號
國際名牌飾品, VALENTINO MACRO STUD 鉚釘小牛皮手環(黑色)
國際名牌飾品, kate spade經典多樣圖案設計鑽鑲飾穿式耳環(金/三只)
國際名牌飾品, HERMES 經典Galop系列馬頭造型純銀袖釦(銀)
國際名牌飾品, kate spade經典簍空愛心設計穿式耳環(金)
國際名牌飾品, MARC BY MARC JACOBS黑色底金字硬材質圓形手環
國際名牌飾品, 施華洛世奇 Symbol 玫金色璀璨星芒手環
國際名牌飾品, JUICY COUTURE 金色骷髏頭墜飾晶鑽項鍊
國際名牌飾品, Tiffany&Co. PT950圓型六爪0.18克拉鑽石戒指(#6)
國際名牌飾品, HERMES 經典立體H LOGO簍空橢圓穿式耳環 (黑X玫瑰金)
國際名牌飾品, BOTTEGA VENETA 手工雙圈編織小羊皮手環(藍綠)
國際名牌飾品, MONT BLANC 萬寶龍 白朗峰禮讚典藏系列黑色瑪瑙墜飾項鍊
國際名牌飾品, HERMES collier de chien金屬鉚釘山羊皮寬版手環(S-橘X金-P年)
國際名牌飾品, kate spade經典簍空五角星設計穿式耳環(金)
國際名牌飾品, 施華洛世奇 Sparkling Dance 白金色閃耀跳舞鑽穿孔耳環
國際名牌飾品, 施華洛世奇 Iconic Swan 白金色湛藍漸層天鵝項鏈 L
國際名牌飾品, CHARRIOL 夏利豪 經典徹爾斯鋼索IP黑戒指
國際名牌飾品, 施華洛世奇Eternal Flower 白金色璀璨黃花手鏈
國際名牌飾品, HERMES Lanterne PM系列燭火燈籠造型吊掛墜飾(金)
國際名牌飾品, Calvin Klein Brilliant 系列耳環
國際名牌飾品, CHARRIOL 夏利豪經典徹爾斯鋼索玫瑰金手環
國際名牌飾品, LV M65368 經典大V字母條紋金邊金屬鑰匙圈(黑色)
國際名牌飾品, MONT BLANC 萬寶龍 六角星圓形寬版純銀戒指
國際名牌飾品, HERMES 經典立體H LOGO簍空橢圓穿式耳環 (白X銀)
國際名牌飾品, BOTTEGA VENETA 經典手工編織雙環小羊皮手環(薰衣草)
國際名牌飾品, CHARRIOL 夏利豪 經典項鍊款/ 玫瑰金
國際名牌飾品, CHANEL 經典雙C LOGO水鑽鑲嵌花朵造型戒指(黑)
國際名牌飾品, SWAROVSKI 施華洛世奇 優雅白色水晶筆
國際名牌飾品, MONT BLANC 雙面轉動寶石寬版純銀戒指【48號】
國際名牌飾品, Salvatore Ferragamo 蝴蝶結鑲鑽三環珠鍊造型手鍊(銀)
國際名牌飾品, MONT BLANC 黃色六角星純銀手鍊
國際名牌飾品, MONT BLANC 萬寶龍 黑色漆面波浪紋寬版純銀耳環
國際名牌飾品, Tiffany&Co. 0.03克拉鑽石18K玫瑰金項鍊
國際名牌飾品, LV M65367 經典大V字母條紋銀邊金屬鑰匙圈(紅色)
國際名牌飾品, MONT BLANC 萬寶龍 星夜藍色防刮真皮手環-63號
國際名牌飾品, MONT BLANC 萬寶龍 黑色漆面波浪紋寬版純銀戒指-54號
國際名牌飾品, 施華洛世奇 Into the Sky 玫金色愛戀熱氣球項鏈
國際名牌飾品, CHARRIOL 夏利豪 經典徹爾斯鋼索金色手環
國際名牌飾品, Karl Lagerfeld K FRINGE 雙k水晶造型銀色頸鍊項鍊
國際名牌飾品, HERMES 經典立體H LOGO簍空橢圓穿式耳環 (黑X銀)
國際名牌飾品, MONT BLANC 黑色六角星純銀項鍊
國際名牌飾品, HERMES 經典立體H LOGO簍空橢圓穿式耳環 (酒紅X銀)
國際名牌飾品, CK Calvin Klein return 一生一世奢華金對戀項鍊
國際名牌飾品, CHANEL 經典黑白琺瑯雙C LOGO粉彩水鑽鑲飾造型項鍊(金)
國際名牌飾品, SWAROVSKI 施華洛世奇 黑色水晶天鵝造型玫瑰金項鍊
國際名牌飾品, GUCCI 十字造型墜飾925純銀項鍊
國際名牌飾品, kate spade Shine On壓印LOGO垂墜圓形設計鑽鑲飾穿式耳環(金x白)
國際名牌飾品, apm MONACO法國精品珠寶 閃耀銀色鑲鋯不對稱水滴耳針式耳環
國際名牌飾品, BOTTEGA VENETA 經典手工編織單環小羊皮手環(藏青)
國際名牌飾品, Karl Lagerfeld DOUBLE K雙K造型水晶銀色項鍊
國際名牌飾品, MONT BLANC 萬寶龍 六角星純銀雙環釦手環(駝色)
國際名牌飾品, 施華洛世奇 Impulsep Slake 黑色華麗閃耀手環
國際名牌飾品, KATE SPADE 水鑽長項鍊(金色)
國際名牌飾品, CHARRIOL 夏利豪 經典徹爾斯鋼索愛心戒指
國際名牌飾品, MONT BLANC 萬寶龍 黑色鏤空LOGO圖樣寬版耳環
國際名牌飾品, 施華洛世奇 Symbol 玫金色幸運哈姆薩惡魔之眼手鏈
國際名牌飾品, 施華洛世奇 Bella Heart 玫金色美麗之心穿孔耳環
國際名牌飾品, MONT BLANC 萬寶龍 鵝黃色弧形寬版純銀戒指-52號
國際名牌飾品, TODS 鱷魚紋真皮三環釦手環-M/L號(寶藍色)
國際名牌飾品, MARC BY MARC JACOBS矽膠材質皮帶造型手環
國際名牌飾品, 施華洛世奇 My Hero 多色心形結項鏈
國際名牌飾品, GIVENCHY寬版牛皮個性銀色鉚釘手環(黑)
國際名牌飾品, TIFFANY&Co. Diamonds by the Yard系列18K金鑽石鑲飾手鍊
國際名牌飾品, MONT BLANC 萬寶龍 六角星寬面純銀戒指
國際名牌飾品, CALVIN KLEIN Tune 系列耳環
國際名牌飾品, MONT BLANC 萬寶龍 18K玫瑰金六角星鑲鑽戒指【52、54號】
國際名牌飾品, Christian Dior 品牌草寫字母設計戒指(金色)
國際名牌飾品, Karl Lagerfeld CHOUPETTE 貓咪造型墜飾銀色項鍊
國際名牌飾品, MONT BLANC 萬寶龍  雙圈六角星釦環純銀項鍊
國際名牌飾品, CK Calvin Klein  個性金屬主義風項鍊
國際名牌飾品, Kate Spade You name it心形設計項鍊(金)
國際名牌飾品, GUCCI Fuchsia水晶鑲嵌墜飾長型項鍊
國際名牌飾品, MONT BLANC 萬寶龍 六角星寬版純銀戒指
國際名牌飾品, LV M66258 經典Monogram雕花金屬手袋吊飾(灰X芥末黃)
國際名牌飾品, MONT BLANC 萬寶龍 銀色編織雙圈造型純銀戒指-52號
國際名牌飾品, MONT BLANC 萬寶龍 咖啡色波希米亞風墜飾純銀項鍊
國際名牌飾品, SWAROVSKI施華洛世奇 蛋糕車水晶擺飾
國際名牌飾品, SWAROVSKI 施華洛世奇 鏤空愛心圓環造型水晶可調節銀色手鍊手環
國際名牌飾品, SWAROVSKI 施華洛世奇 白天鵝水晶圓珠筆
國際名牌飾品, GEORG JENSEN 925氧化純銀翅膀造型黑瑪瑙吊墜項鍊(氧化銀)
國際名牌飾品, PRADA 經典TRICK METAL金屬機械蝴蝶造型吊牌鑰匙圈(蜜桃粉X金)
國際名牌飾品, Tiffany&Co. 純淨圓形0.03克拉鑽石純銀項鍊
國際名牌飾品, ALEXANDER MCQUEEN 龐克風格水鑽X雙骷髏戒指(金#13)
國際名牌飾品, MONT BLANC 萬寶龍 玫瑰金鏤空雙色純銀戒指【52、54號】
國際名牌飾品, Tiffany&Co. 18K金 愛心墜飾項鍊-16mm
國際名牌飾品, Karl Lagerfeld  CHOUPETTE 貓咪水晶造型金色耳環
國際名牌飾品, SWAROVSKI 施華洛世奇 STARDUST粉色水晶筆
國際名牌飾品, Calvin Klein CK print長方型簡約俐落款吊牌項鍊
國際名牌飾品, Cartier 卡地亞PANTHERE DE CARTIER系列美洲豹造型鑽石戒指
國際名牌飾品, Pandora 潘朵拉 切割面琉璃墜-橘色
國際名牌飾品, SWAROVSKI 施華洛世奇 璀璨水晶圓形造型銀色耳環
國際名牌飾品, CALVIN KLEIN Tune 系列耳環
國際名牌飾品, MICHAEL KORS 愛心項鍊及愛心耳環套裝組-金色(附原廠禮盒)
國際名牌飾品, Tiffany&Co. Loving Heart 鑲鑽石925純銀項鍊
國際名牌飾品, EMPORIO ARMANI 時尚交會風軍牌項鍊(EGS1542040)
國際名牌飾品, MONT BLANC 萬寶龍 金鋼銀色編織雙圈造型純銀戒指-52號
國際名牌飾品, SWAROVSKI 施華洛世奇 璀璨水晶黑天鵝珍珠圓鑽Y型玫瑰金項鍊
國際名牌飾品, CHLOE Janis系列綠黃紅絲線流蘇銅鈴吊飾黃銅手鐲(金)
國際名牌飾品, Tiffany&Co. Return to Tiffany 迷你雙色雙心純銀項鍊 粉紅色
國際名牌飾品, HERMES 經典POP立體H LOGO簍空橢圓穿式耳環(矢車菊藍X金)
國際名牌飾品, SWAROVSKI 施華洛世奇 LOONEY TUNES璀璨水晶崔弟與傻大貓金色耳環
國際名牌飾品, Tiffany&Co.小魔鬼愛心藍色琺瑯925純銀項鍊
國際名牌飾品, Pandora 潘朵拉 愛心黃色琺瑯小雞 純銀墜飾 串珠
國際名牌飾品, SWAROVSKI 施華洛世奇 璀璨水晶C字扁狀圓環 磨砂玫瑰金耳環
國際名牌飾品, MONT BLANC 雙色墜飾純銀雙圈項鍊
國際名牌飾品, SWAROVSKI 施華洛世奇 SPARKLING璀璨浮動藍色圓形水晶銀色手環手鍊
國際名牌飾品, FENDI LOVE簍空圓圈造型墜飾手鍊(金)
國際名牌飾品, CALVIN KLEIN Snake 系列連綴蛇鱗唯美白鋼手環-S
國際名牌飾品, EMPORIO ARMANI 復刻迷惘風格的軍牌項鍊(EGS2384020)
國際名牌飾品, Tiffany&Co. 永恆無限的愛925純銀手鍊
國際名牌飾品, (無卡分期12期) Tiffany&Co. 0.03克拉鑽石18K玫瑰金項鍊
國際名牌飾品, Tiffany&Co. 18K金 愛心墜飾項鍊-11mm
國際名牌飾品, JUICY COUTURE 精選飾品↘超低價$1199起
國際名牌飾品, Pandora 潘朵拉 圓珠蛇鍊925純銀手鍊手環
國際名牌飾品, SWAROVSKI 施華洛世奇 Hall Swan黑天鵝水晶造型玫瑰金項鍊
國際名牌飾品, VALENTINO 經典Rockstud系列小牛皮鉚釘造型寬版手環(螢光綠)
國際名牌飾品, PIAGET伯爵 Possession系列18K白金雙環造型鑲鑽穿式耳環(銀)
國際名牌飾品, SWAROVSKI 施華洛世奇 璀璨水晶珍珠天鵝造型銀色耳環
國際名牌飾品, PINKO 淺黃色紫字母LOGO透明手環(黃X紫)
國際名牌飾品, SWAROVSKI 施華洛世奇 璀璨水晶珍珠天鵝造型銀色項鍊
國際名牌飾品, SWAROVSKI 施華洛世奇 鏤空花形浮動亮鑽玫瑰金項鍊
國際名牌飾品, SWAROVSKI 施華洛世奇 漸層水晶天鵝造型珍珠耳環
國際名牌飾品, EDDIE BORGO 古銀色錐形鉚釘龐克風手鍊
國際名牌飾品, EMPORIO ARMANI 勝利自信款項鍊(EGS2228001)
國際名牌飾品, TIFFANY&Co. Elsa Peretti 12mm水滴純銀項鍊
國際名牌飾品, Pandora 潘朵拉 粉色鋯石雙心造型 純銀墜飾 串珠
國際名牌飾品, CHANEL 雙C LOGO垂墜水鑽鑲飾穿式耳環(金)
國際名牌飾品, Pandora 潘朵拉 紅色塘瓷聖誕老人墜
國際名牌飾品, CHANEL 香奈兒大字母LOGO墜飾穿式耳環(金)
國際名牌飾品, HERMES Eileen LOGO造型項鍊(金/深藍)
國際名牌飾品, SWAROVSKI施華洛世奇  ATTRACT SOUL水晶手鍊
國際名牌飾品, SWAROVSKI 施華洛世奇 ANGELIC璀璨藍色水晶銀色耳環
國際名牌飾品, Pandora 潘朵拉  春天小鳥的家 純銀墜飾 串珠
國際名牌飾品, Georg Jensen 喬治傑生 No.9A 紫水晶 純銀項鍊
國際名牌飾品, 歐系精品超值項鍊、戒指爆殺$3788起
國際名牌飾品, Pandora 潘朵拉 多個小鋯石純銀墜-透明
國際名牌飾品, HERMES 愛馬仕 Clic H LOGO琺瑯細版手環(粉橘色X銀)
國際名牌飾品, apm MONACO法國精品珠寶 璀璨之眼鍍K金鑲鋯單邊耳針式耳環
國際名牌飾品, HERMES KELLY款鎖頭造型皮革項鍊(金/駝灰)
國際名牌飾品, Tiffany&Co. 愛心墜飾 925純銀項鍊-鑲5鑽石
國際名牌飾品, SWAROVSKI 施華洛世奇 璀璨水晶天鵝造型玫瑰金垂墜耳環
國際名牌飾品, Pandora 潘朵拉 天鵝純銀墜
國際名牌飾品, Tiffany&Co. Return to Tiffany 經典愛心純銀項鍊(小)
國際名牌飾品, CHANEL 雙C LOGO山茶花女士帽設計穿式耳環(粉)
國際名牌飾品, HERMES愛馬仕 Farandole系列 H LOGO 925純銀T釦長項鍊
國際名牌飾品, HERMES 經典Kelly Double Tour金色轉釦鱷魚皮革二圈手環-黑-S
國際名牌飾品, HERMES Eileen LOGO造型項鍊(銀/藍黑)
國際名牌飾品, SWAROVSKI 施華洛世奇 Swan 水晶黑天鵝玫瑰金項鍊
國際名牌飾品, Cartier 經典PANTHERE DE CARTIER系列美洲豹造型鑽石項鍊
國際名牌飾品, HERMES 經典立體H LOGO簍空橢圓項鍊 (藍X銀)
國際名牌飾品, CHANEL 經典大雙C LOGO造型水鑽鑲嵌穿式耳環(金)
國際名牌飾品, HERMES 經典Clic H LOGO琺瑯細版手環(白X銀)
國際名牌飾品, HERMES 經典O Kelly系列鎖頭造型吊墜項鍊(小-玫瑰粉X金)
國際名牌飾品, HERMES 經典Eileen系列弧面寬H LOGO琺瑯項鍊(栗棕X玫瑰金)
國際名牌飾品, Georg Jensen Daisy 純銀 白法瑯雛菊項鍊-18mm
國際名牌飾品, TIFFANY&Co. 18K金橄欖葉蔓藤墜飾項鍊(玫瑰金)
國際名牌飾品, TIFFANY&Co. KNOT系列18K金繩結造型袖扣(金)
國際名牌飾品, CHANEL 彩色裝飾雙C LOGO鎖頭吊飾項鍊(金)
國際名牌飾品, CELINE 品牌字母LOGO造型項鍊(金色)
國際名牌飾品, HERMES 經典立體H LOGO簍空方塊項鍊(黑X銀)
國際名牌飾品, DIOR 星形閃亮水鑽LOGO造型戒指/墬飾(銀)
國際名牌飾品, DIOR 星形閃亮水鑽LOGO造型戒指/墬飾(銀)
國際名牌飾品, 【Georg Jensen 喬治傑生】Nocturne 567 方形純銀項鍊
國際名牌飾品, Tiffany&Co. 紅色愛心琺瑯925純銀項鍊
國際名牌飾品, (無卡分期12期)Tiffany&Co. 純銀愛心鑲粉紅寶石項鍊
國際名牌飾品, SWAROVSKI施華洛世奇 ICONIC SWAN水晶穿孔耳環
國際名牌飾品, CHANEL 經典雙C LOGO圓型菱格紋壓克力穿式耳環(黑)
國際名牌飾品, SWAROVSKI 施華洛世奇 施華洛世奇 雙心項鍊
國際名牌飾品, HERMES 經典O Kelly系列鎖頭造型吊墜項鍊(小-紅X銀)
國際名牌飾品, Pandora 潘朵拉 魅力鑲鋯禮物緞帶 純銀墜飾 串珠
國際名牌飾品, Pandora 潘朵拉 魅力鑲鋯蝴蝶 純銀墜飾 串珠
國際名牌飾品, SWAROVSKI 施華洛世奇 玫瑰金水晶筆
國際名牌飾品, HERMES Eileen LOGO造型項鍊(黑/金)
國際名牌飾品, Pandora 潘朵拉 14K金純銀鑲鋯花形 純銀墜飾 串珠
國際名牌飾品, CHANEL 經典雙C LOGO圓形鏤空造型珍珠/水鑽鑲飾胸針(黑/金)
國際名牌飾品, HERMES H POP款LOGO圓弧型項鍊(藍/金)
國際名牌飾品, Cartier卡地亞 PANTHÈRE DE 鑲鑽美洲豹雙鍊18K白金項鍊
國際名牌飾品, SWAROVSKI施華洛世奇 DAZZLING粉紅天鵝水晶長版耳環
國際名牌飾品, HERMES Balades Equestres琺瑯皮帶圖騰中版手環(黑X玫瑰金)
國際名牌飾品, CHANEL 經典雙C LOGO圓形牌造型耳環(金)
國際名牌飾品, CHANEL 經典雙C LOGO圓型海軍風條紋穿式耳環(藍/金)
國際名牌飾品, HERMES Eileen LOGO造型項鍊(粉紅/銀)
國際名牌飾品, CHANEL 經典CC LOGO三色水鑽鑲飾造型穿式耳環(金色)
國際名牌飾品, Kate Spade You name iti圓形設計項鍊(金)
國際名牌飾品, Tiffany&Co. 粉藍琺瑯 歡樂派對帽 純銀項鍊
國際名牌飾品, CHANEL 經典雙C LOGO珍珠鑲飾流蘇造型項鍊(金)
國際名牌飾品, Tiffany&Co. HEARTS系列粉紅藍寶石/鑽石鑲嵌愛心造型吊墜白金項鍊(銀)
國際名牌飾品, CHANEL 經典雙C LOGO水鑽鑲嵌不規則圓型穿式耳環(淡金)
國際名牌飾品, HERMES KELLY款鎖頭造型皮革項鍊(金/橘)
國際名牌飾品, Tiffany&Co. 心心相印鑲鑽石925純銀項鍊
國際名牌飾品, apm MONACO法國精品珠寶 閃耀銀色鑲鋯PROTECTION可調整手鍊手環
國際名牌飾品, CHANEL 經典CC LOGO水鑽鑲嵌墜飾珍珠長項鍊(銀)
國際名牌飾品, Pandora 潘朵拉 垂墜-透明鋯石愛心墜
國際名牌飾品, TIFFANY&Co. 18K黃金雙葉造型墜飾項鍊(18K黃金)
國際名牌飾品, CHANEL 雙C LOGO古埃及風格設計項鍊(金x黃)
國際名牌飾品, HERMES 金屬鉚釘Epsom小牛皮雙面寬版手環(焦糖棕/白X金)
國際名牌飾品, CHANEL 雙C LOGO古埃及風格設計項鍊(金x紫)
國際名牌飾品, TIFFANY&Co. 心形流線18黃K金垂心鑲鑽墜飾項鍊
國際名牌飾品, CHANEL 經典雙C LOGO波紋珍珠鑲飾造型穿式耳環(金)
國際名牌飾品, HERMES Clic H LOGO琺瑯中版手環(藍綠X銀)
國際名牌飾品, CHANEL 香奈兒經典CC LOGO水鑽鑲嵌圓形簍空造型穿式耳環(亮銀)
國際名牌飾品, HERMES 經典Kelly Double Tour銀色轉釦鱷魚皮革二圈手環-紫紅X銀_M
國際名牌飾品, Pandora 潘朵拉 心意滿滿 純銀墜飾 串珠
國際名牌飾品, SWAROVSKI 施華洛世奇 LISABEL璀璨水晶六角形可調節金色項鍊頸鍊
國際名牌飾品, Pandora 潘朵拉 LOVE鑲鋯字母 垂墜純銀墜飾 串珠
國際名牌飾品, Pandora 潘朵拉 心型水鑽 純銀墜飾 串珠
國際名牌飾品, 施華洛世奇 Shell 白金色海藍貝殼鏈墜
國際名牌飾品, Cartier卡地亞 HIMALIA系列18K白金幾何造型鑲鑽珍珠墜飾(白)
國際名牌飾品, CHANEL 經典雙C LOGO菱格紋圓形陶瓷穿式耳環(黑)
國際名牌飾品, CHANEL 經典雙C LOGO造型水鑽鑲嵌穿式耳環(古銅金)
國際名牌飾品, TIFFANY&Co. 8字雙愛心18黃K金墜飾項鍊
國際名牌飾品, TIFFANY&Co. Elsa Peretti系列18黃K金橢圓雙圈造型項鍊(金)
國際名牌飾品, 施華洛世奇 Line Friends Healthy 白金色活力兔兔項鏈
國際名牌飾品, Pandora 潘朵拉 迪士尼系列 聖誕琺瑯糖果米奇 垂墜純銀墜飾
國際名牌飾品, SWAROVSKI 施華洛世奇 CRYSTALLINE NOVA 水晶圓珠筆
國際名牌飾品, Kate Spade reflecting pool立體圓形設計鑽鑲飾穿式耳環(紫紅x金)
國際名牌飾品, LV M65365 經典大V字母條紋銀邊金屬鑰匙圈(藍色)
國際名牌飾品, SWAROVSKI 施華洛世奇 Birthstone六月生日石粉色水晶鍊墜銀色項鍊
國際名牌飾品, SWAROVSKI 施華洛世奇 SOLITAIRE經典水晶鏈墜金色項鍊
國際名牌飾品, Pandora 潘朵拉 魅力電吉他 垂墜純銀墜飾
國際名牌飾品, SWAROVSKI 施華洛世奇 CRYSTALLINE STARDUST 黑色水晶圓珠筆
國際名牌飾品, Pandora 潘朵拉 玫瑰金鏤空粉紅雛菊 純銀墜飾 串珠
國際名牌飾品, SWAROVSKI 施華洛世奇 ATTRACT璀燦水晶方型玫瑰金耳環
國際名牌飾品, SWAROVSKI施華洛世奇 ATTRACT 玫瑰金水晶穿孔耳環
國際名牌飾品, Tiffany&Co. Paloma s Graffiti系列18K Love戒指(玫瑰金)
國際名牌飾品, SWAROVSKI 施華洛世奇 NICE璀燦水晶珍珠羽毛造型銀色耳環
國際名牌飾品, apm MONACO法國精品珠寶 閃耀鑲鋯金色鉚釘環形耳環
國際名牌飾品, Pandora 潘朵拉 璀璨寶石冰淇淋 垂墜純銀墜飾
國際名牌飾品, SWAROVSKI施華洛世奇 TOWARDS 玫瑰金水晶項鍊
國際名牌飾品, CHANEL 經典雙C LOGO珠珠造型雙層腰鍊(銀)
國際名牌飾品, CHANEL 經典雙C LOGO珍珠造型流蘇項鍊(金)
國際名牌飾品, SWAROVSKI 施華洛世奇 125週年系列Sunshine溫暖太陽水晶銀色項鍊
國際名牌飾品, SWAROVSKI 施華洛世奇 Remix 雛菊水晶手鍊
國際名牌飾品, SWAROVSKI 施華洛世奇 PALACE璀燦水晶水滴造型銀色耳環
國際名牌飾品, SWAROVSKI 施華洛世奇 SHELL璀燦水晶貝殼造型金色耳環
國際名牌飾品, SWAROVSKI 施華洛世奇 Birthstone三月生日石海藍色水晶鍊墜銀色項鍊
國際名牌飾品, Pandora 潘朵拉 精美品牌擦拭布
國際名牌飾品, SWAROVSKI 施華洛世奇 圓形鏤空浮動璀璨亮鑽金色項鍊
國際名牌飾品, CALVIN KLEIN Intense系列經典雙色金個性手環-S
國際名牌飾品, SWAROVSKI施華洛世奇 INFINITY 玫瑰金水晶穿孔耳環
國際名牌飾品, Pandora 潘朵拉 魅力雙色蜜蜂愛心 垂墜純銀墜飾
國際名牌飾品, SWAROVSKI施華洛世奇 SYMBOLIC TREE OF LIFE 水晶穿孔耳環
國際名牌飾品, SWAROVSKI 施華洛世奇 Naughty璀燦黑水晶羽毛造型玫瑰金耳環
國際名牌飾品, Pandora 潘朵拉 玫瑰金水晶花朵扁珠 純銀墜飾 串珠
國際名牌飾品, SWAROVSKI施華洛世奇 Sparkling Star 水晶穿孔耳環
國際名牌飾品, SWAROVSKI施華洛世奇 SHELL PAVE 金色水晶項鍊
國際名牌飾品, Pandora 潘朵拉 璀璨蜻蜓開放式 925純銀戒指
國際名牌飾品, Pandora 潘朵拉 璀璨星空夾扣式 純銀墜飾 串珠
國際名牌飾品, Pandora 潘朵拉 迪士尼系列 鑲鋯米奇夾扣式圓珠 純銀墜飾 串珠
國際名牌飾品, Pandora 潘朵拉 璀璨滿鑲藍鋯石雛菊 純銀墜飾 串珠
國際名牌飾品, Pandora 潘朵拉 蜂蜜黃圓珠水晶心形 垂墜純銀墜飾
國際名牌飾品, SWAROVSKI 施華洛世奇 Infinity璀燦水晶無限造型玫瑰金耳環
國際名牌飾品, CALVIN KLEIN Brilliant 系列閃耀晶鑽白鋼手環-XS
國際名牌飾品, SWAROVSKI 施華洛世奇 Iconic Swan漸層藍水晶天鵝造型銀色項鍊
國際名牌飾品, Pandora 潘朵拉 閃耀鑲鋯扇形圓珠 純銀墜飾 串珠
國際名牌飾品, Pandora 潘朵拉 優雅之光玫瑰金色純銀耳環
國際名牌飾品, SWAROVSKI 施華洛世奇 Crystalline璀燦水晶愛心墜飾粉色圓珠筆
國際名牌飾品, Pandora 潘朵拉 Love yoga琺瑯吊牌 垂墜純銀墜飾
國際名牌飾品, Pandora 潘朵拉 抱抱仙人掌 純銀墜飾 串珠
國際名牌飾品, SWAROVSKI 施華洛世奇 Line Friends璀燦水晶CONY兔兔粉色圓珠筆
國際名牌飾品, Pandora 潘朵拉 魅力三色靈性象徵 垂墜純銀墜飾
國際名牌飾品, 【Georg Jensen 喬治傑生】#600A Heart 純銀項鍊
國際名牌飾品, Pandora 潘朵拉 璀璨鑲鋯三角形 18k鍍金純銀耳環
國際名牌飾品, Georg Jensen 喬治傑生  2001年度 純銀項鍊
國際名牌飾品, SWAROVSKI 施華洛世奇花朵鑽項鍊
國際名牌飾品, SWAROVSKI施華洛世奇 LIFELONG HEART 水晶手鐲
國際名牌飾品, Pandora 潘朵拉 閃亮圓形粉鑽心型  純銀墜飾 串珠
國際名牌飾品, SWAROVSKI 施華洛世奇 限量版Crystalline璀燦水晶幸運草吊飾玫瑰金色圓珠筆
國際名牌飾品, SWAROVSKI 施華洛世奇 Crystalline Nova璀燦白水晶玫瑰金色圓珠筆
國際名牌飾品, Pandora 潘朵拉 海藍色圓珠水晶心形 垂墜純銀墜飾
國際名牌飾品, Pandora 潘朵拉 鏤空I love you mom愛心 純銀墜飾 串珠
國際名牌飾品, Pandora 潘朵拉 冰晶愛心 925純銀硬環手鍊手環
國際名牌飾品, SWAROVSKI 施華洛世奇 Attract Soul璀燦幾何造型雙色水晶銀色項鍊
國際名牌飾品, Pandora 潘朵拉 雙色葉片飾扣蛇鏈 925純銀蛇鏈手鍊手環
國際名牌飾品, Pandora 潘朵拉 ESSENCE系列細鍊專屬 密鑲鋯圓珠 純銀墜飾 串珠
國際名牌飾品, Georg Jensen 喬治傑生 1988年度 純銀項鍊
國際名牌飾品, SWAROVSKI 施華洛世奇 Lifelong Heart璀燦垂墜水晶愛心銀色耳環
國際名牌飾品, SWAROVSKI 施華洛世奇 Infinity璀璨黑水晶無限造型玫瑰金色項鍊
國際名牌飾品, Pandora 潘朵拉 魅力小兔子Nini 純銀墜飾 串珠
國際名牌飾品, CHANEL 經典雙C LOGO星星造型珍珠/水鑽鑲飾胸針(金)
國際名牌飾品, Pandora 潘朵拉 霧玫紅圓珠水晶心形 垂墜純銀墜飾
國際名牌飾品, SWAROVSKI 施華洛世奇 ATTRACT璀燦水晶圓形造型銀色耳環
國際名牌飾品, SWAROVSKI 施華洛世奇 SHELL璀燦海藍水晶鸚鵡螺造型銀色耳環
國際名牌飾品, CHANEL 經典雙C LOGO星星堆疊造型水鑽鑲嵌穿式耳環(金)
國際名牌飾品, Pandora 潘朵拉 BFF永遠的摯友 垂墜純銀墜飾
國際名牌飾品, Pandora 潘朵拉 鏤空手繪愛心扁珠 純銀墜飾 串珠
國際名牌飾品, SWAROVSKI 施華洛世奇 Line Friends璀燦水晶BROWN熊大咖啡色圓珠筆
國際名牌飾品, SWAROVSKI施華洛世奇 INFINITY 水晶穿孔耳環
國際名牌飾品, SWAROVSKI 施華洛世奇 Infinity璀燦水晶永恆無限銀色項鍊
國際名牌飾品, Pandora 潘朵拉 花瓣粉圓珠水晶心形 垂墜純銀墜飾
國際名牌飾品, Tiffany&Co. 心心相印鑲鑽石925純銀手鍊
國際名牌飾品, SWAROVSKI施華洛世奇 SHELL 金色水晶穿孔耳環
國際名牌飾品, CHANEL 經典雙C LOGO寶石珍珠鑲飾造型寬版戒指(金)
國際名牌飾品, SWAROVSKI 施華洛世奇 Birthstone四月生日石透明水晶鍊墜銀色項鍊
國際名牌飾品, SWAROVSKI施華洛世奇 SHELL PAVE 金色水晶項鍊
國際名牌飾品, SWAROVSKI 施華洛世奇 Lifelong Heart璀燦垂墜水晶愛心銀色項鍊
國際名牌飾品, SWAROVSKI 施華洛世奇 INFINITY MINI璀燦水晶無限造型銀色耳環
國際名牌飾品, Pandora 潘朵拉 閃耀鑲鋯手繪愛心 純銀耳環
國際名牌飾品, SWAROVSKI施華洛世奇 Sparkling Star 水晶穿孔耳環
國際名牌飾品, SWAROVSKI 施華洛世奇 Attract Soul璀璨雙心水晶銀色項鍊
國際名牌飾品, SWAROVSKI 施華洛世奇 CRYSTALLINE STARDUST 紫色水晶圓珠筆
國際名牌飾品, CALVIN KLEIN Straight 系列鋼色袖扣
國際名牌飾品, Pandora 潘朵拉 暗紅色圓珠水晶心形 垂墜純銀墜飾
國際名牌飾品, Pandora 潘朵拉 魅力望遠鏡 垂墜純銀墜飾
國際名牌飾品, SWAROVSKI 施華洛世奇 Penélope Cruz璀璨水晶星月銀色項鍊
國際名牌飾品, Pandora 潘朵拉 片片花瓣 玫瑰金色925純銀戒指
國際名牌飾品, SWAROVSKI 施華洛世奇 ORIGINALLY璀燦水晶珍珠銀色耳環
國際名牌飾品, Pandora 潘朵拉 璀璨鑲鋯方型 玫瑰金色純銀耳環
國際名牌飾品, Tiffany&Co. Return to Tiffany 經典刻字圓珠純銀手鍊 粉色愛心
國際名牌飾品, SWAROVSKI 施華洛世奇 Naughty璀璨黑水晶羽毛造型玫瑰金項鍊
國際名牌飾品, Pandora 潘朵拉 音符愛心 純銀墜飾 串珠
國際名牌飾品, SWAROVSKI 施華洛世奇 So Cool璀燦水晶圓球造型銀色耳環
國際名牌飾品, CHARRIOL 夏利豪 經典手鍊款 x銀
國際名牌飾品, SWAROVSKI施華洛世奇 SOLITAIRE三爪金色水晶項鍊
國際名牌飾品, Pandora 潘朵拉 水藍色圓珠水晶心形 垂墜純銀墜飾
國際名牌飾品, Pandora 潘朵拉 閃耀夢幻紫色水滴 純銀墜飾 串珠
國際名牌飾品, SWAROVSKI 施華洛世奇 125週年系列Dazzling Swan藍色水晶天鵝Y型玫瑰金項鍊
國際名牌飾品, SWAROVSKI 施華洛世奇 LIFELONG HEART璀燦水晶圓環愛心扭結造型耳環
國際名牌飾品, SWAROVSKI 施華洛世奇 So Cool璀燦水晶迴紋針造型金色項鍊
國際名牌飾品, 施華洛世奇 Attract 玫金色方形璀璨寶石穿孔耳環
國際名牌飾品, Pandora 潘朵拉 璀璨心形掌印 垂墜純銀墜飾
國際名牌飾品, Pandora 潘朵拉 經典圓桶扣蛇鏈 925純銀手鍊手環
國際名牌飾品, Pandora 潘朵拉 乳白色圓珠水晶心形 垂墜純銀墜飾
國際名牌飾品, Georg Jensen 喬治傑生 - CURVE 18K金純銀耳環 S
國際名牌飾品, SWAROVSKI施華洛世奇 STONE 玫瑰金穿孔水晶耳環
國際名牌飾品, Pandora 潘朵拉 閃耀鋯石明亮花朵 垂墜純銀墜飾
國際名牌飾品, SWAROVSKI 施華洛世奇 SO COOL璀燦水晶迴紋針造型金色耳環
國際名牌飾品, SWAROVSKI施華洛世奇 BELLA HEART 水晶穿孔耳環
國際名牌飾品, SWAROVSKI 施華洛世奇 Sparkling浮動水晶招財貓造型銀色項鍊
國際名牌飾品, SWAROVSKI 施華洛世奇 Dancing Swan躍動水晶天鵝造型銀色項鍊
國際名牌飾品, Pandora 潘朵拉 翠綠圓珠水晶心形 垂墜純銀墜飾
國際名牌飾品, Pandora 潘朵拉 閃耀鑲鋯愛之箭 垂墜純銀墜飾
國際名牌飾品, SWAROVSKI 施華洛世奇 Lifelong Heart璀燦雙色扭結愛心玫瑰金項鍊
國際名牌飾品, LV M63197經典ESSENTIAL V字母黃銅吊墜項鍊(銀)
國際名牌飾品, CALVIN KLEIN Circling 系列時尚珍珠香檳金手環-M
國際名牌飾品, CALVIN KLEIN Bubbly 系列珍愛鋼色手環-M
國際名牌飾品, CHANEL 經典大雙C LOGO星星造型水鑽鑲嵌穿式耳環(銀)
國際名牌飾品, SWAROVSKI 施華洛世奇REMIX手鍊白色經典
國際名牌飾品, CHANEL 新款香奈兒雙C LOGO金屬彩色水鑽大款穿式耳環 (金色)
國際名牌飾品, 施華洛世奇 So Cool 淡金色別針造型穿孔耳環
國際名牌飾品, SWAROVSKI施華洛世奇LOUISON PEARL水晶項鍊
國際名牌飾品, HERMES KELLY鎖頭造型純銀項鍊
國際名牌飾品, HERMES Kelly Double Tour 銀色轉釦牛皮二圈手環-紫X銀
國際名牌飾品, Pandora 潘朵拉 心連心玫瑰金 夾扣式純銀墜飾 串珠
國際名牌飾品, SWAROVSKI 施華洛世奇 玫瑰金水晶筆
國際名牌飾品, Pandora 潘朵拉 白色珍愛雛菊 純銀墜飾 串珠
國際名牌飾品, SWAROVSKI施華洛世奇 LIFELONG HEART 玫瑰金水晶項鍊
國際名牌飾品, CHARRIOL 夏利豪 經典徹爾斯鋼索戒指
國際名牌飾品, HERMES Eileen LOGO造型項鍊(珊瑚紅/玫瑰金)
國際名牌飾品, SWAROVSKI施華洛世奇 INFINITY Y形水晶項鍊
國際名牌飾品, CALVIN KLEIN Snake 系列連綴雙蛇鱗唯美鋼色戒指-8
國際名牌飾品, 施華洛世奇 Symbol 白金色耀眼星辰項鏈
國際名牌飾品, 125週年系列施華洛世奇 Louison 白金色藍水晶月桂葉耳釘
國際名牌飾品, CALVIN KLEIN Brilliant 系列閃耀香檳金項鍊
國際名牌飾品, Georg Jensen 喬治傑生- MOONLIGHT GRAPES 純銀優雅項鍊
國際名牌飾品, CALVIN KLEIN Strong 系列經典黑旋風雙色男用鋼戒-11
國際名牌飾品, SWAROVSKI 施華洛世奇 銀色蝴蝶結水晶項鍊
國際名牌飾品, CALVIN KLEIN  Spicy 系列魅力時尚亮麗紅項鍊
國際名牌飾品, CALVIN KLEIN Tune 系列方塊造型香檳金手鍊
國際名牌飾品, 施華洛世奇 Symbol 多色旋月星芒線條穿孔耳環
國際名牌飾品, KATE SPADE 水鑽蝴蝶結手環(金)
國際名牌飾品, CALVIN KLEIN  Hook 系列經典時尚白鋼手環-M
國際名牌飾品, 施華洛世奇 Naughty 玫金色輕柔羽翼穿孔耳環
國際名牌飾品, Georg Jensen 喬治傑生 - MERCY 純銀流線耳環
國際名牌飾品, 施華洛世奇 Eternal 玫金色流麗金屬鏈手錶
國際名牌飾品, CK Calvin Klein 甜美愛心款手環
國際名牌飾品, LV M68153 Essential 經典logo V型穿扣式耳環(金色)
國際名牌飾品, CALVIN KLEIN Spinner 系列圓形鋼色戒指-7
國際名牌飾品, CALVIN KLEIN Brilliant 系列閃耀香檳金戒指-7
國際名牌飾品, CHANEL 經典立體雙C LOGO滾邊設計琺瑯墜飾長項鍊(灰X銀)
國際名牌飾品, CALVIN KLEIN Unified 系列愛相隨經典香檳金手環-M
國際名牌飾品, CALVIN KLEIN  Spicy 系列魅力時尚綠松石手鍊
國際名牌飾品, Pandora 潘朵拉 鏤空音符 垂墜純銀墜飾
國際名牌飾品, 施華洛世奇 Remix Collection 玫金色冰晶雪花飾鏈
國際名牌飾品, SWAROVSKI 施華洛世奇 STARDUST粉色水晶筆
國際名牌飾品, HERMES H POP款LOGO圓弧型項鍊(黑/銀)
國際名牌飾品, SWAROVSKI施華洛世奇 LIFELONG HEART 水晶手鐲
國際名牌飾品, SWAROVSKI 施華洛世奇 REMIX CARRIER 玫瑰金水晶手鍊
國際名牌飾品, CALVIN KLEIN Tune 系列方塊造型香檳金項鍊
國際名牌飾品, Tiffany&Co. 經典純銀項鍊
國際名牌飾品, HERMES Eileen LOGO造型項鍊(金/粉)
國際名牌飾品, SWAROVSKI施華洛世奇  INFINITY 水晶項鍊
國際名牌飾品, Tiffany&Co. Return to Tiffany 圓形藍色琺瑯愛心刻字純銀項鍊
國際名牌飾品, CALVIN KLEIN Bump 系列簡潔俐落率性風格雙色戒指-9
國際名牌飾品, CALVIN KLEIN Bubbly 系列珍愛鋼色戒指-6
國際名牌飾品, CHANEL  經典LOGO 簍空珍珠圓型耳環.金
國際名牌飾品, Tiffany&Co. Elsa Peretti Mini 圓潤十字架純銀項鍊
國際名牌飾品, Tiffany&Co. Return to Tiffany 迷人愛心圓珠純銀手鍊 深粉愛心
國際名牌飾品, Pandora 潘朵拉 閃耀晶透多角琉璃珠 純銀墜飾 串珠
國際名牌飾品, SWAROVSKI 施華洛世奇 FURTHER CIRCLE水晶項鍊
國際名牌飾品, CHANEL 新款埃及圖騰三角圓鑽造型雙C LOGO大款胸針 (金色)
國際名牌飾品, CALVIN KLEIN Brilliant 系列閃耀水鑽白鋼戒指-7
國際名牌飾品, CALVIN KLEIN  Spicy 系列魅力時尚黑瑪瑙玫瑰金戒指-7
國際名牌飾品, CHANEL 經典雙C LOGO珠珍水鑽鑲嵌項鍊(白X金)
國際名牌飾品, CALVIN KLEIN Wonder 系列三環三色個性美時尚戒指-7
國際名牌飾品, CALVIN KLEIN Bubbly 系列珍愛香檳金雙色珠戒指-8
國際名牌飾品, CALVIN KLEIN Clink 系列同心圓雙色經典手環-XS
國際名牌飾品, CALVIN KLEIN Confidence 系列炫黑雙色鋼戒-9
國際名牌飾品, CALVIN KLEIN Bubbly 系列珍愛香檳金手環-M
國際名牌飾品, CALVIN KLEIN Statement 系列戀戀香檳金手環
國際名牌飾品, CALVIN KLEIN Brilliant 系列閃耀香檳金戒指-6
國際名牌飾品, CALVIN KLEIN Strong 系列經典黑旋風雙色項鍊
國際名牌飾品, Georg Jensen 喬治傑生 -2019 HERITAGE年度項鍊 煙水晶
國際名牌飾品, CALVIN KLEIN Brilliant 系列閃耀香檳金戒指-8
國際名牌飾品, CALVIN KLEIN Spinner 系列圓形鋼色項鍊
國際名牌飾品, CALVIN KLEIN Bubbly 系列珍愛雙珠鋼色戒指-8
國際名牌飾品, CALVIN KLEIN Snake 系列連綴蛇鱗唯美香檳金色手環-M
國際名牌飾品, CALVIN KLEIN Snake 系列連綴蛇鱗唯美玫瑰金戒指-7
國際名牌飾品, CHANEL 經典雙C LOGO水鑽珠珠裝飾耳環(香檳金)
國際名牌飾品, Pandora 潘朵拉 圓形鏤空和諧之心 垂墜純銀墜飾 串珠
國際名牌飾品, TODS 真皮鉚釘長型流蘇掛飾(咖啡色)
國際名牌飾品, TIFFANY&Co. 經典SOLESTE系列切割真鑽鑲嵌墜飾鉑金項鍊(銀)
國際名牌飾品, 施華洛世奇 Line Friends iPhone11 Pro Max 熊大手機殼
國際名牌飾品, SWAROVSKI 施華洛世奇REMIX手鍊白色經典
國際名牌飾品, 125週年系列施華洛世奇 Angelic 白金色藍水晶圓形耳釘
國際名牌飾品, 施華洛世奇 Line Friends Cony iPhone11 Pro 兔兔手機殼
國際名牌飾品, Tiffany&Co. Infinity 經典永恆無限純銀項鍊
國際名牌飾品, Pandora 潘朵拉 Love蜻蜓花園鏤空愛心 純銀墜飾 串珠
國際名牌飾品, Georg Jensen 喬治傑生 -1989 HERITAGE年度項鍊復刻版 紫水晶
國際名牌飾品, SWAROVSKI 施華洛世奇 璀璨水晶夏日冰淇淋金色耳環
國際名牌飾品, Tiffany&Co. 1837系列 環形刻字墜飾925純銀項鍊
國際名牌飾品, 施華洛世奇 Prosperity 玫金色月光蝙蝠不對襯穿孔耳環
國際名牌飾品, Georg Jensen-HEARTS OF GEORG JENSEN 純銀愛心項鍊 小
國際名牌飾品, Georg Jensen 喬治傑生 -HERITAGE 1992年度復刻版項鍊 藍玉髓
國際名牌飾品, HERMES Eileen 經典H LOGO銀飾項鍊.玫瑰金/白
國際名牌飾品, Pandora 潘朵拉 璀璨雛菊飾扣 925純銀蛇鏈手鍊手環
國際名牌飾品, Tiffany&Co. 純銀+18K玫瑰金 迷你雙心墜飾項鍊
國際名牌飾品, CHANEL 經典雙C LOGO方鑽菱格紋大款胸針 (銀色)
國際名牌飾品, Georg Jensen 喬治傑生 - MERCY 純銀漩渦耳環
國際名牌飾品, HERMES 經典H LOGO銀飾耳環.金/橘
國際名牌飾品, 施華洛世奇 Hollow 精緻魅力鍍白金色耳環
國際名牌飾品, SWAROVSKI施華洛世奇 SPARKLING DANCE HEART 水晶項鏈
國際名牌飾品, CHANEL 經典雙C LOGO轉釦鍊帶環圈造型穿式耳環(黑X金)
國際名牌飾品, Pandora 潘朵拉 閃耀晶透薰衣草紫波紋琉璃珠 純銀墜飾 串珠
國際名牌飾品, SWAROVSKI 施華洛世奇 CIRCLE金耳環
國際名牌飾品, GEORG JENSEN 喬治傑生-HEARTS OF GEORG JENSE愛心項鍊
國際名牌飾品, Georg Jensen 喬治傑生 -2019 HERITAGE年度項鍊 藍玉髓
國際名牌飾品, SWAROVSKI 施華洛世奇 GINGER璀璨水晶玫瑰金垂墜耳環
國際名牌飾品, SWAROVSKI 施華洛世奇 Creativity Circle水晶項鍊
國際名牌飾品, CHANEL 經典雙C LOGO圓形牌造型耳環(粉色)
國際名牌飾品, CHANEL 經典雙C星月水鑽墜飾金銀拼色項鍊
國際名牌飾品, Georg Jensen 喬治傑生 - 1999 HERITAGE年度項鍊復刻版 堇青石
國際名牌飾品, MONT BLANC 萬寶龍 鏤空六角星墜飾純銀耳環
國際名牌飾品, Georg Jensen 喬治傑生 - OFFSPRING 純銀鑽石項鍊
國際名牌飾品, CALVIN KLEIN Spicy 系列魅力時尚亮麗紅戒指-6
國際名牌飾品, COACH壓印LOGO心型墜飾項鍊
國際名牌飾品, SWAROVSKI 施華洛世奇 Attract Round 水晶項鍊
國際名牌飾品, GEORG JENSEN 喬治傑生-OFFSPRING 純銀18K玫瑰金手鍊 S
國際名牌飾品, Tiffany&Co. 鏤空貓咪造型 925純銀項鍊
國際名牌飾品, 施華洛世奇 Iconic Swan 白金色湛藍漸層天鵝項鏈 S
國際名牌飾品, Tiffany&Co. T系列 微笑Smile 經典金色項鍊
國際名牌飾品, MARC BY MARC JACOBS金色粗鏈璇釦軟式手環
國際名牌飾品, SWAROVSKI 施華洛世奇 漸層水晶天鵝造型銀色項鍊
國際名牌飾品, CALVIN KLEIN Bubbly 系列珍愛香檳金手環-S
國際名牌飾品, CALVIN KLEIN Supple 系列玫瑰金雙色手環-M
國際名牌飾品, CALVIN KLEIN Snake 系列連綴蛇鱗唯美香檳金色戒指-8
國際名牌飾品, CALVIN KLEIN Exclusive 系列三環三色亮麗時尚戒指-8
國際名牌飾品, Tiffany&Co. Elsa Peretti 美鑽造型純銀項鍊
國際名牌飾品, Pandora 潘朵拉 粉色環狀水鑽魅力 純銀墜飾 串珠
國際名牌飾品, SWAROVSKI施華洛世奇 HOLLOW玫瑰金水晶項鍊
國際名牌飾品, 施華洛世奇 Attract 白金色方形寶石穿孔耳環
國際名牌飾品, SWAROVSKI 施華洛世奇 SHELL COWRIE 金色水晶手鍊
國際名牌飾品, CHANEL 經典雙C LOGO雪花造型穿式耳環(金)
國際名牌飾品, Georg Jensen 喬治傑生- MOONLIGHT GRAPES 純銀長鏈耳環
國際名牌飾品, CHANEL 新款香奈兒雙C LOGO金屬圓圈水鑽排列大款穿式耳環 (金色)
國際名牌飾品, Pandora 潘朵拉 魅力白色琺瑯蘭花 純銀墜飾 串珠
國際名牌飾品, Tiffany&Co. Return to Tiffany 藍色琺瑯愛心刻字 心型鎖頭純銀
國際名牌飾品, Tiffany&Co. 威尼斯ID鍊條造型 男士純銀手鐲手鍊
國際名牌飾品, HERMES Iliade經典H LOGO日字銀飾項鍊.銀/黑
國際名牌飾品, 施華洛世奇 Crystalline 高貴復古粉紅色鍍玫瑰金圓珠筆
國際名牌飾品, 施華洛世奇 Sparkling Dance Rainbow 淡金色彩虹穿孔耳環
國際名牌飾品, SWAROVSKI施華洛世奇 SYMBOLIC TREE OF LIFE 水晶項鍊
國際名牌飾品, SWAROVSKI 施華洛世奇 Minnie米妮水晶項鍊
國際名牌飾品, SWAROVSKI 施華洛世奇黑金水晶筆
國際名牌飾品, KATE SPADE 經典黑桃LOGO項鍊(玫瑰金)
國際名牌飾品, Tiffany&Co. Elsa Peretti 純淨圓形海藍寶石純銀項鍊
國際名牌飾品, GEORG JENSEN-1997復刻年度項鍊 灰月石 限定款
國際名牌飾品, CALVIN KLEIN Hook 系列純粹經典白鋼戒指-7
國際名牌飾品, CHARRIOL 夏利豪 Forever 色彩拉繩水藍色手環
國際名牌飾品, CALVIN KLEIN Bubbly 系列珍愛香檳金戒指-6
國際名牌飾品, CALVIN KLEIN Circling 系列時尚珍珠白鋼戒指-7
國際名牌飾品, CHANEL 經典雙C LOGO鑲方型水鑽耳環(銀)
國際名牌飾品, HERMES H LOGO方塊項鍊(黑/銀)
國際名牌飾品, HERMES H LOGO方塊項鍊(白/銀)
國際名牌飾品, GEORG JENSEN喬治傑生-2018年度項鍊 粉晶
國際名牌飾品, kate spade經典水手結設計扣式手環(銀)
國際名牌飾品, Georg Jensen 喬治傑生- DAISY 純銀鍍金手鍊 白琺瑯
國際名牌飾品, CHANEL 珠珠裝飾經典雙C LOGO耳針式耳環(金)
國際名牌飾品, SWAROVSKI施華洛世奇 LIFELONG HEART 水晶項鍊
國際名牌飾品, CHANEL 經典雙C LOGO墜飾圓型琉璃五角星穿式耳環(藍X白色-金)
國際名牌飾品, CK Calvin Klein 永恆LOVE手環-玫瑰金
國際名牌飾品, Pandora 潘朵拉 皇冠O字Logo造型 純銀墜飾 串珠
國際名牌飾品, SWAROVSKI 施華洛世奇 Remix 璀燦紫色水晶珍珠銀色磁扣手鍊手環
國際名牌飾品, CALVIN KLEIN Clink 系列同心圓雙色經典手環-S
國際名牌飾品, apm MONACO法國精品珠寶 閃耀銀色BABY字母單邊勾式耳環
國際名牌飾品, GEORG JENSEN-永結不忘 朵蘭純銀耳環 #444
國際名牌飾品, 施華洛世奇 Iconic Swan 迷人經典天鵝漸層水晶鏈墜
國際名牌飾品, 施華洛世奇 My Hero 多色心形結手環
國際名牌飾品, 施華洛世奇 Sparkling 白金色簡約雙圓藍鑽項鏈
國際名牌飾品, Georg Jensen 喬治傑生 - OFFSPRING 吊飾純銀手鐲
國際名牌飾品, Georg Jensen 喬治傑生 - SAVANNAH 純銀戒指 水晶
國際名牌飾品, 施華洛世奇 Impulsep 淡金色經典黃天鵝幸運繩結手鏈
國際名牌飾品, CALVIN KLEIN  Outline系列優雅線條手環-S
國際名牌飾品, Georg Jensen 喬治傑生 - OFFSPRING 純銀心型項鍊
國際名牌飾品, 施華洛世奇 Sparkling Dance 玫金色粉紅閃耀跳舞鑽項鏈
國際名牌飾品, CHARRIOL 夏利豪 經典徹爾斯鋼索戒指/玫瑰金
國際名牌飾品, CHANEL 經典雙C LOGO簍空圓型項鍊.銀
國際名牌飾品, CALVIN KLEIN  Rocking系列時尚方塊珠立體造型玫瑰金手鍊
國際名牌飾品, CALVIN KLEIN Bubbly 系列珍愛香檳金戒指-7
國際名牌飾品, CALVIN KLEIN Supple 系列柔美玫瑰金雙色戒指-6
國際名牌飾品, GEORG JENSEN-MOONLIGHT GRAPES 純銀戒指 白珍珠
國際名牌飾品, TORY BURCH 經典金屬雙T垂墜珍珠針式耳環(銀灰)
國際名牌飾品, SWAROVSKI施華洛世奇 SHELL 金色水晶穿孔耳環
國際名牌飾品, Georg Jensen 喬治傑生 - MERCY 純銀項鍊 小
國際名牌飾品, LV M63208 Essential 經典logo V型穿扣式耳環(銀色)
國際名牌飾品, 施華洛世奇 Attract Soul 白金色雙色幾何項鏈
國際名牌飾品, 施華洛世奇 Duo 玫金色簡約暗紅手錶
國際名牌飾品, GEORG JENSEN-DAISY 純銀鍍銠耳環
國際名牌飾品, Tiffany&Co. Return to Tiffany 經典刻字球型純銀鍊墜項鍊
國際名牌飾品, CALVIN KLEIN Circling 系列時尚珍珠香檳金手環-S
國際名牌飾品, DIOR 新款「J ADIOR」鍍金復古金屬鎖骨項鍊 (金色)
國際名牌飾品, CHANEL 經典雙C LOGO水鑽鑲嵌五角星造型墜飾項鍊(金)
國際名牌飾品, HERMES Eileen LOGO造型項鍊(白/金)
國際名牌飾品, Georg Jensen 喬治傑生 -1989 HERITAGE年度項鍊復刻版 黃水晶
國際名牌飾品, SWAROVSKI 施華洛世奇 MINNIE耳環
國際名牌飾品, GEORG JENSEN-INFINITY純銀項鍊
國際名牌飾品, 施華洛世奇 Era Journey 玫金色精緻酒紅手錶
國際名牌飾品, Pandora 潘朵拉 亮麗蝴蝶結純銀手鍊手環
國際名牌飾品, Georg Jensen 喬治傑生 - DAISY 纯银鑽石項鍊 白瓷琺瑯
國際名牌飾品, Georg Jensen 喬治傑生 - HALO 18K金鑽石項鍊
國際名牌飾品, CALVIN KLEIN Spinner 系列圓形鋼色戒指-8
國際名牌飾品, CHARRIOL 夏利豪 經典徹爾斯鋼索IP黑手環
國際名牌飾品, CALVIN KLEIN Brilliant 系列閃耀藍色水鑽白鋼戒指-8
國際名牌飾品, CALVIN KLEIN Brilliant 系列閃耀玫瑰金戒指-8
國際名牌飾品, CHARRIOL 夏利豪 經典雙愛心項鍊款
國際名牌飾品, CALVIN KLEIN Face 系列活動扣鋼色手環-M
國際名牌飾品, 施華洛世奇 Infinity Heart 鍍多色心形手鐲
國際名牌飾品, CALVIN KLEIN  Outline系列優雅線條玫瑰金戒指-8
國際名牌飾品, 施華洛世奇 Infinity 玫金色流線無限穿孔耳環
國際名牌飾品, CALVIN KLEIN Bubbly 系列珍愛香檳金手環-XS
國際名牌飾品, 施華洛世奇 Attract 白金色圓形綠寶石穿孔耳環
國際名牌飾品, SWAROVSKI施華洛世奇 LIFELONG HEART 玫瑰金水晶項鍊
國際名牌飾品, CALVIN KLEIN Bubbly 系列珍愛雙珠鋼色戒指-6
國際名牌飾品, GEORG JENSEN喬治傑生-2018年度項鍊 粉晶 加大阪
國際名牌飾品, CALVIN KLEIN Circling 系列時尚珍珠白鋼手環-XS
國際名牌飾品, CALVIN KLEIN Bubbly 系列珍愛香檳金雙色珠戒指-7
國際名牌飾品, 施華洛世奇 So Cool 淡金色別針造型項鏈
國際名牌飾品, CHANEL 經典雙小C LOGO彩色水鑽珠珠裝飾耳環(香檳金)
國際名牌飾品, SWAROVSKI施華洛世奇  INFINITY HEART水晶手鐲
國際名牌飾品, CALVIN KLEIN Charming 系列經典愛心玫瑰金戒指-8
國際名牌飾品, Tiffany&Co. Elsa Peretti 經典優雅相思豆18K玫瑰金項鍊
國際名牌飾品, CHANEL 新款香奈兒經典珍珠雙C鏤空菱形寬版戒指 (#50)
國際名牌飾品, CALVIN KLEIN Strong 系列經典黑旋風雙色男用鋼戒-9
國際名牌飾品, CALVIN KLEIN Bubbly 系列珍愛香檳金雙色珠戒指-6
國際名牌飾品, apm MONACO PIERCING系列晶鑽鑲飾圓環造型單只純銀耳骨夾耳環(銀)
國際名牌飾品, CK Calvin Klein 雅致皇冠造型戒指(KJ5DPR1001)
國際名牌飾品, CALVIN KLEIN Spinner 系列圓形玫瑰金戒指-8
國際名牌飾品, 施華洛世奇 Ginger 玫金色閃亮時尚圓片手環
國際名牌飾品, PANDORA 潘朵拉 盛開粉色大麗花鑲鋯 垂墜純銀墜飾 串珠
國際名牌飾品, SWAROVSKI 施華洛世奇 SOLITAIRE三爪水晶項鍊
國際名牌飾品, GEORG JENSEN-MOONLIGHT BLOSSOM純銀項鍊
國際名牌飾品, CHARRIOL 夏利豪 經典徹爾斯鋼索手環
國際名牌飾品, 施華洛世奇 Impulsep Slake 藍色華麗閃耀手環
國際名牌飾品, CHANEL 經典雙C LOGO打結雙吊牌造型粗鍊項鍊(金)
國際名牌飾品, DIOR 經典J Adior系列鍍金復古金屬不對稱造型綴飾穿式耳環(金)
國際名牌飾品, KATE SPADE水鑽蝴蝶結手環(玫瑰金)
國際名牌飾品, HERMES Clic 經典H LOGO手環(白/玫瑰金)
國際名牌飾品, CHANEL 香奈兒 經典雙C LOGO圓型耳環.金
國際名牌飾品, CALVIN KLEIN Circling 系列時尚珍珠白鋼戒指-6
國際名牌飾品, CHARRIOL 夏利豪 經典徹爾斯鋼索戒指
國際名牌飾品, CALVIN KLEIN Origami 系列香檳金手環-XS
國際名牌飾品, CALVIN KLEIN Clink 系列同心圓經典香檳金耳環
國際名牌飾品, CALVIN-KLEIN-Mighty-系列魅力黑皮革雙色鋼手環
國際名牌飾品, CALVIN KLEIN Brilliant 系列閃耀玫瑰金手環-XS
國際名牌飾品, SWAROVSKI施華洛世奇 SYMBOLIC TREE OF LIFE 水晶項鍊
國際名牌飾品, GEORG JENSEN-ARIA雙槓純銀戒指 #593A
國際名牌飾品, 施華洛世奇  Remix Collection 優雅婉約飾鏈
國際名牌飾品, Georg Jensen 喬治傑生 - AURORA 18K白金鑽石耳環
國際名牌飾品, Tiffany&Co. 麻花交錯圓球純銀項鍊
國際名牌飾品, Pandora 潘朵拉 愛心刻字LOVED鎖頭造型925純銀手鍊手環
國際名牌飾品, CALVIN KLEIN  Hook 系列純粹經典雙色金戒指-8
國際名牌飾品, SWAROVSKI施華洛世奇  INFINITY 玫瑰金水晶手鐲
國際名牌飾品, CHANEL 經典大雙C LOGO水鑽交互鑲嵌穿式耳環(銀)
國際名牌飾品, MARC BY MARC JACOBS雙環造型硬式手環
國際名牌飾品, 施華洛世奇 Remix Collection 玫金色璀璨水晶珠飾鏈
國際名牌飾品, SWAROVSKI 施華洛世奇 LUCKILY璀璨水晶珍珠惡魔之眼可調式銀色手鍊手環
國際名牌飾品, HERMES H POP款LOGO圓弧型項鍊(藍/玫瑰金)
國際名牌飾品, Tiffany & Co. 0.10克拉鑽石18K玫瑰金項鍊
國際名牌飾品, HERMES Eileen LOGO造型耳環(白/金)
國際名牌飾品, SWAROVSKI施華洛世奇  ATTRACT SOUL水晶穿孔耳環
國際名牌飾品, 施華洛世奇 rystalline Love Heart 玫金色愛心圓珠筆
國際名牌飾品, 施華洛世奇 Magic 夢幻迷人雪花鏈墜
國際名牌飾品, CALVIN KLEIN Wonder 系列三環三色個性美時尚戒指-8
國際名牌飾品, CALVIN KLEIN Bubbly 系列珍愛香檳金戒指-８
國際名牌飾品, CALVIN KLEIN Bubbly 系列珍愛雙珠鋼色戒指-7
國際名牌飾品, 125週年系列施華洛世奇 Crystalline Nova 玫金色藍水晶圓珠筆
國際名牌飾品, CALVIN KLEIN High 系列酷黑個性風格雙色白鋼戒指-10
國際名牌飾品, CHARRIOL 夏利豪 繽紛五石細手鍊款
國際名牌飾品, SWAROVSKI施華洛世奇  INFINITY HEART水晶手鐲
國際名牌飾品, CHANEL 經典珍珠C LOGO鑲水鑽裝飾夾式耳環
國際名牌飾品, SWAROVSKI施華洛世奇 SYMBOLIC TREE OF LIFE 水晶穿孔耳環
國際名牌飾品, Georg Jensen 喬治傑生 - MOONLIGHT BLOSSOM 純銀耳環 藍色月光石
國際名牌飾品, Dior J adior Double Bracelet 古銅金J adior 愛心水鑽牛皮雙圈手環
國際名牌飾品, 施華洛世奇 Impulsep Slake 駝色華麗閃耀手環
國際名牌飾品, Tiffany&Co. Elsa Peretti 純淨圓形粉紅寶石純銀項鍊
國際名牌飾品, MICHAEL KORS Black Friday系列晶鑽鑲飾扣式手環-金色(附禮盒)
國際名牌飾品, SWAROVSKI施華洛世奇 LILIA玫瑰金水晶項鍊
國際名牌飾品, Pandora 潘朵拉 璀璨雛菊冠冕 925純銀戒指
國際名牌飾品, CHANEL 經典C LOGO鑲珍珠裝飾項鍊(金/黑)
國際名牌飾品, SWAROVSKI 施華洛世奇 天鵝造型水晶玫瑰金項鍊
國際名牌飾品, SWAROVSKI施華洛世奇 HOLLOW玫瑰金水晶項鍊
國際名牌飾品, HERMES H POP款LOGO圓弧型項鍊(琥珀黃/金)
國際名牌飾品, 施華洛世奇 Greeting Key 浪漫醉人鍍玫瑰金色鎖鑰項鍊
國際名牌飾品, HERMES 經典Pop H立體簍空橢圓LOGO項鍊(玫瑰金X皇家藍)
國際名牌飾品, SWAROVSKI施華洛世奇  INFINITY 水晶手鐲
國際名牌飾品, 施華洛世奇 Sparkling Dance 玫金色粉紅跳舞鑽手鐲
國際名牌飾品, SWAROVSKI施華洛世奇 LOVELY銀色手鍊
國際名牌飾品, HERMES Clic H LOGO琺瑯 扣式細版手環(暗紅/金色)
國際名牌飾品, 施華洛世奇 Infinity Heart 白金色愛無限心形手鏈
國際名牌飾品, GEORG JENSEN 喬治傑生-DAISY 18K金純銀鑽石項鍊
國際名牌飾品, 施華洛世奇 Iconic Swan 多色經典漸層天鵝項鏈
國際名牌飾品, Chanel 經典雙C LOGO花朵珍珠流蘇二段式項鍊(銀/金/米白)
國際名牌飾品, GEORG JENSEN 喬治傑生-OFFSPRING 極簡純銀耳環
國際名牌飾品, SWAROVSKI 施華洛世奇 ATTRACT 水晶套組(項鍊+耳環)
國際名牌飾品, SWAROVSKI 施華洛世奇 STONE 穿孔水晶耳環
國際名牌飾品, CALVIN KLEIN Spicy 系列魅力時尚玫瑰金雙色戒指-7
國際名牌飾品, CALVIN KLEIN Charming 系列經典愛心玫瑰金戒指-6
國際名牌飾品, CALVIN KLEIN Bubbly 系列珍愛鋼色耳環
國際名牌飾品, CALVIN KLEIN Bubbly 系列黑瑪瑙鋼戒-8
國際名牌飾品, CALVIN KLEIN Mighty 系列魅力黑雙色項鍊
國際名牌飾品, CALVIN KLEIN Spinner 系列圓形香檳金項鍊
國際名牌飾品, 施華洛世奇 Out of this World Space 多色火箭行星穿孔耳環
國際名牌飾品, HERMES Eileen LOGO造型項鍊(銀/水藍)
國際名牌飾品, CALVIN KLEIN  Spicy 系列魅力時尚綠松石耳環
國際名牌飾品, CALVIN KLEIN  Rocking系列立體造型玫瑰金方塊耳環
國際名牌飾品, Pandora 潘朵拉 品牌珠寶保養組
國際名牌飾品, SWAROVSKI 施華洛世奇 ONE 紅水晶銀色手鍊
國際名牌飾品, SWAROVSKI施華洛世奇  INFINITY HEART水晶手鍊
國際名牌飾品, Chanel 經典雙C LOGO珍珠鑲嵌圓環針式耳環(金/米白)
國際名牌飾品, GEORG JENSEN 喬治傑生-SAVANNAH 純銀手鐲 煙水晶
國際名牌飾品, SWAROVSKI 施華洛世奇 ONE手鍊
國際名牌飾品, SWAROVSKI 施華洛世奇 MAGIC璀璨水晶雪花鏈墜銀色項鍊
國際名牌飾品, CALVIN KLEIN Brilliant 系列閃耀白鋼項鍊
國際名牌飾品, CALVIN KLEIN Spicy 系列魅力時尚玫瑰金雙色戒指-6
國際名牌飾品, CALVIN KLEIN Strong 系列經典黑旋風雙色男用鋼戒-10
國際名牌飾品, CALVIN KLEIN Brilliant 系列閃耀藍色水鑽白鋼戒指-6
國際名牌飾品, CALVIN KLEIN  Outline系列優雅線條鋼色戒指-7
國際名牌飾品, CALVIN KLEIN Origami 系列香檳金手環-S
國際名牌飾品, CALVIN KLEIN Brilliant 系列閃耀藍色水鑽白鋼戒指-7
國際名牌飾品, Georg Jensen 喬治傑生-INFINITY 純銀耳環
國際名牌飾品, SWAROVSKI 施華洛世奇 Ginger銀色手鐲
國際名牌飾品, CALVIN KLEIN Face 系列活動扣鋼色手環-S
國際名牌飾品, CALVIN KLEIN  Spicy 系列魅力時尚亮麗紅手鍊
國際名牌飾品, Georg Jensen 喬治傑生 -1989 HERITAGE年度項鍊復刻版 粉晶
國際名牌飾品, CALVIN KLEIN Brilliant 系列閃耀玫瑰金手環-M
國際名牌飾品, apm MONACO法國精品珠寶 閃耀銀色繁星鑲鋯戒指
國際名牌飾品, Tiffany&Co. T系列 微笑Smile 經典純銀項鍊(大)
國際名牌飾品, CALVIN KLEIN Blast 系列三環三色完美個性戒指-6
國際名牌飾品, CALVIN KLEIN Spinner 系列圓形鋼色戒指-6
國際名牌飾品, CALVIN KLEIN Spinner 系列圓形玫瑰金戒指-6
國際名牌飾品, 施華洛世奇 Line Friends Tennis 淡金色網球莎莉手鏈
國際名牌飾品, CALVIN KLEIN Circling 系列時尚珍珠香檳金手環-XS
國際名牌飾品, 施華洛世奇 Line Friends Tennis 淡金色網球莎莉項鍊
國際名牌飾品, 125週年系列施華洛世奇 One 白金色藍水晶愛心鏈墜
國際名牌飾品, 施華洛世奇 Outstanding 金色愛心飾框梨形紅墜飾項鏈
國際名牌飾品, 施華洛世奇 Iconic Swan 金色喜慶紅天鵝項鏈
國際名牌飾品, GEORG JENSEN 喬治傑生-OFFSPRING 環扣純銀項鍊 (小)
國際名牌飾品, Georg Jensen 喬治傑生 - OFFSPRING 純銀霧面手環
國際名牌飾品, Georg Jensen 喬治傑生 - 1992 HERITAGE年度復刻版項鍊 紫水晶
國際名牌飾品, TIFFANY&Co. 0.08克拉圓形粉紅寶石純銀項鍊
國際名牌飾品, HERMES Ancre heart 心型豬鼻子項鍊(銀)
國際名牌飾品, Georg Jensen 喬治傑生 - MERCY 純銀項鍊 中
國際名牌飾品, CHARRIOL 夏利豪 Forever Colors 繽紛色彩細黑手環-L
國際名牌飾品, CALVIN KLEIN Bewilder 系列褐色皮革編織白鋼手環-L
國際名牌飾品, SWAROVSKI施華洛世奇 LIFELONG HEART 玫瑰金水晶穿孔耳環
國際名牌飾品, Pandora 潘朵拉 鑲鋯蝴蝶扣 925純銀 蛇鍊手鍊手環
國際名牌飾品, Georg Jensen 喬治傑生 - SAVANNAH 玫瑰金耳環 煙水晶
國際名牌飾品, SWAROVSKI 施華洛世奇STONE玫瑰金項鍊
國際名牌飾品, SWAROVSKI施華洛世奇 LIFELONG HEART 水晶穿孔耳環
國際名牌飾品, 施華洛世奇 One 白金色熱情紅愛心穿孔耳環
國際名牌飾品, Tiffany&Co. 圓珠交叉扣925純銀細款手鍊手環(大)
國際名牌飾品, CHARRIOL 夏利豪 經典項鍊款/ 銀
國際名牌飾品, CHARRIOL 夏利豪 經典徹爾斯鋼索戒指
國際名牌飾品, SWAROVSKI施華洛世奇 TAROT MAGIC水晶穿孔耳環
國際名牌飾品, Georg Jensen 喬治傑生 - 2000年度復刻紀念項鍊 紫水晶
國際名牌飾品, Georg Jensen 喬治傑生-2019 HERITAGE年度純銀夾式耳環 紫丁香水晶
國際名牌飾品, 施華洛世奇 Sparkling 白金色閃耀舞動藍水晶項鏈
國際名牌飾品, Georg Jensen 喬治傑生 - 1999 HERITAGE年度項鍊復刻版 玫瑰榴石
國際名牌飾品, CALVIN KLEIN Circling 系列時尚珍珠白鋼手環-S
國際名牌飾品, CALVIN KLEIN Boost 系列個性型男皮革白鋼手環
國際名牌飾品, HERMES H POP款LOGO圓弧型項鍊(暗紅/玫瑰金)
國際名牌飾品, CALVIN KLEIN Snake 系列連綴蛇鱗唯美香檳金色手環-S
國際名牌飾品, SWAROVSKI施華洛世奇Circle玫瑰金項鍊
國際名牌飾品, Pandora 潘朵拉 粉色雛菊夾扣式扁珠 純銀墜飾 串珠
國際名牌飾品, SWAROVSKI 施華洛世奇Circle銀色項鍊
國際名牌飾品, CHANEL 經典大C LOGO鑲珍珠裝飾項鍊(香檳金)
國際名牌飾品, HERMES H POP款LOGO圓弧型耳針式耳環(粉紅/玫瑰金)
國際名牌飾品, 施華洛世奇 Line Friends iPhone11 Pro Max 兔兔手機殼
國際名牌飾品, Tiffany&Co. 圓珠交叉扣925純銀細款手鍊手環(中)
國際名牌飾品, SWAROVSKI施華洛世奇  INFINITY HEART水晶手鍊
國際名牌飾品, 施華洛世奇 Sunshine 玫金色溫暖太陽白鑽手鏈
國際名牌飾品, SWAROVSKI 施華洛世奇 BELLA HEART璀燦水晶愛心造型玫瑰金耳環
國際名牌飾品, Pandora 潘朵拉 藍色氣球小象鑲鋯 垂墜純銀墜飾 串珠
國際名牌飾品, HERMES Eileen LOGO造型項鍊(玫瑰金/粉)
國際名牌飾品, COACH 拼色金屬穿式耳環(金/草莓紅)
國際名牌飾品, Pandora 潘朵拉 漸層粉x紅愛心夾釦扁珠 純銀墜飾 串珠
國際名牌飾品, CHANEL 經典雙C水鑽墜飾珠珠金銀拼色項鍊
國際名牌飾品, SWAROVSKI施華洛世奇REMIX手鍊 玫瑰金
國際名牌飾品, CALVIN KLEIN Double 系列優雅双弧白鋼手環-S
國際名牌飾品, HERMES H POP款LOGO圓弧型項鍊(粉/銀)
國際名牌飾品, SWAROVSKI 施華洛世奇 GILBERTE璀璨水晶雙圈銀x玫瑰金耳環
國際名牌飾品, Georg Jensen 喬治傑生 - 2005 Heritage年度項鍊 方納石
國際名牌飾品, 施華洛世奇 Lifelong Bow 白金色優雅蝴蝶結項鏈穿孔耳環套組
國際名牌飾品, apm MONACO法國精品珠寶 閃耀玫瑰金色z字鑲鋯可調式手環手鍊
國際名牌飾品, SWAROVSKI 施華洛世奇 璀璨之眼藍色水滴造型玫瑰金項鍊
國際名牌飾品, CALVIN KLEIN Tune 系列方塊造型鋼色手練-淺紅
國際名牌飾品, CALVIN KLEIN Bubbly 系列珍愛鋼色戒指-8
國際名牌飾品, SWAROVSKI施華洛世奇 ONE 玫瑰金水晶項鍊
國際名牌飾品, CALVIN KLEIN Brilliant 系列閃耀香檳金手環-S
國際名牌飾品, CALVIN KLEIN Brilliant 系列閃耀水鑽白鋼戒指-6
國際名牌飾品, CALVIN KLEIN Brilliant 系列閃耀香檳金晶鑽戒指-8
國際名牌飾品, CALVIN KLEIN Spinner 系列圓形玫瑰金戒指-7
國際名牌飾品, Pandora 潘朵拉 Fairytale Tiara鑲鋯 純銀耳環
國際名牌飾品, Georg Jensen 喬治傑生 - 1997年度復刻紀念項鍊 柘榴石
國際名牌飾品, 施華洛世奇 Infinity 玫金色愛無限手鐲
國際名牌飾品, DIOR J Adior鍍金復古圓型J ADIOR字母金屬耳環
國際名牌飾品, Tiffany&Co. 純淨圓形0.03克拉透明美鑽玫瑰金 鎖骨鍊項鍊
國際名牌飾品, Tory Burch 金屬鏤空T字針式耳環(玫瑰金)
國際名牌飾品, SWAROVSKI 施華洛世奇 Circle耳環
國際名牌飾品, SWAROVSKI 施華洛世奇 玫瑰金天鵝水晶項鍊
國際名牌飾品, SWAROVSKI施華洛世奇 ONE 玫瑰金水晶項鍊
國際名牌飾品, LV M68361 ESSENTIAL V PERLE珍珠鑲飾手鍊(金)
國際名牌飾品, Georg Jensen 喬治傑生 - TO GO 不鏽鋼名片夾
國際名牌飾品, Dior Tribales 復古金屬白色圓珠金色光澤水晶圓珠流星不對稱穿式耳環
國際名牌飾品, CALVIN KLEIN Supple 系列玫瑰金雙色手環-S
國際名牌飾品, Calvin Klein CK手環 Joyous 愛心造型手環
國際名牌飾品, CALVIN KLEIN Tune 系列方塊造型鋼色手練-深紅
國際名牌飾品, GEORG JENSEN 喬治傑生-MOONLIGHT GRAPES 經典純銀手鐲
國際名牌飾品, CALVIN KLEIN  Double 系列柔美俐落線條手環-M
國際名牌飾品, HERMES Eileen 經典H LOGO銀飾項鍊.銀/黑
國際名牌飾品, CHARRIOL 夏利豪 lnfinity Zen 經典玫瑰金項鍊款
國際名牌飾品, GEORG JENSEN 喬治傑生-SAVANNAH 純銀耳環 煙水晶
國際名牌飾品, Georg Jensen 喬治傑生 - 限量纯银加大版項鍊 琥珀x綠瑪瑙
國際名牌飾品, SWAROVSKI 施華洛世奇 Angelic水晶耳環
國際名牌飾品, 施華洛世奇 Octea Lux Chrono 玫金色奢華深灰手錶
國際名牌飾品, Georg Jensen 喬治傑生 - DAISY 純銀鑽石耳環 白瓷琺瑯
國際名牌飾品, 施華洛世奇 Flora 淡金色黃花耳釘
國際名牌飾品, SWAROVSKI施華洛世奇 BELLA HEART 水晶穿孔耳環
國際名牌飾品, Pandora 潘朵拉 魅力鑲鋯愛之箭 純銀墜飾 串珠
國際名牌飾品, CALVIN KLEIN Brilliant 系列閃耀香檳金晶鑽戒指-7
國際名牌飾品, SWAROVSKI 施華洛世奇 SYMBOLIC璀璨水晶優雅之手圓環玫瑰金項鍊
國際名牌飾品, apm MONACO法國精品珠寶 閃耀迷你紅寶石金色環形耳環
國際名牌飾品, HERMES Eileen LOGO造型項鍊(灰白/玫瑰金)
國際名牌飾品, HERMES ISATIS 經典LOGO交錯飾品項鍊.銀/白
國際名牌飾品, CHANEL 經典雙C LOGO不規則大小鑲珠穿式耳環 (金色)
國際名牌飾品, CALVIN KLEIN Mighty 系列魅力黑雙色男戒指-9
國際名牌飾品, CALVIN KLEIN Spinner 系列圓形香檳金戒指-7
國際名牌飾品, CALVIN KLEIN Spicy 系列魅力時尚亮麗紅戒指-7
國際名牌飾品, CALVIN KLEIN Brilliant 系列閃耀香檳金手環-M
國際名牌飾品, CALVIN KLEIN Tune 系列方塊造型玫瑰金項鍊
國際名牌飾品, CALVIN KLEIN Origami 系列香檳金戒指-7
國際名牌飾品, 施華洛世奇 Sparkling Dance Star 鍍白金色星形項鏈
國際名牌飾品, SWAROVSKI 施華洛世奇 白天鵝水晶圓珠筆
國際名牌飾品, SWAROVSKI施華洛世奇 DAZZLING SWAN 藍色水晶項鍊
國際名牌飾品, 施華洛世奇 Latisha 浪漫醉人白色花朵鍍玫瑰金色穿孔耳環
國際名牌飾品, Georg Jensen 喬治傑生 - MERCY 純銀環形戒指 大
國際名牌飾品, SWAROVSKI施華洛世奇 LIFELONG HEART  雙色水晶手鐲
國際名牌飾品, DIOR 新款Clair D Lune金色金屬白色水晶穿式耳環 (金色)
國際名牌飾品, CHANEL 經典C LOGO珍珠水鑽山茶花項鍊(香檳金)
國際名牌飾品, 施華洛世奇 Attract 白金色方形寶石項鏈
國際名牌飾品, Georg Jensen 喬治傑生 -2019 HERITAGE年度項鍊 紫羅蘭石
國際名牌飾品, HERMES 質感牛皮打造單圈手環(黑/暗亞霧扣)
國際名牌飾品, CALVIN KLEIN Spicy 系列火熱三墜玫瑰金手鍊
國際名牌飾品, Georg Jensen 喬治傑生 -2019 HERITAGE年度項鍊 銀石
國際名牌飾品, SWAROVSKI 施華洛世奇 HEIGHT璀璨水晶水滴造型銀色垂墜耳環
國際名牌飾品, CHANEL 經典雙C LOGO金邊鑲珍珠穿式耳環 (金色)
國際名牌飾品, HERMES KELLY款鎖頭造型皮革項鍊(金/咖)
國際名牌飾品, GEORG JENSEN -OFFSPRING 純銀18K玫瑰金項鍊
國際名牌飾品, SWAROVSKI施華洛世奇 TAROT MAGIC水晶項鍊
國際名牌飾品, SWAROVSKI 施華洛世奇 三爪玫瑰金耳環
國際名牌飾品, Tiffany&Co.藍色琺瑯緞帶愛心925純銀項鍊
國際名牌飾品, Georg Jensen 喬治傑生 - CURVE 18K金純銀雙圈項鍊
國際名牌飾品, 施華洛世奇 Lifelong Heart 玫金色戀之結鏈墜
國際名牌飾品, Tiffany&Co. Paloma Picasso 心箭吊墜 純銀項鍊(小)
國際名牌飾品, Tiffany&Co. 0.07克拉鑽石18K玫瑰金項鍊
國際名牌飾品, CALVIN KLEIN Snake 系列連綴蛇鱗唯美白鋼耳飾
國際名牌飾品, CHANEL 經典雙C造型珍珠琉璃墜飾穿式耳環(淡金-粉紫)
國際名牌飾品, CHARRIOL 夏利豪 經典徹爾斯鋼索戒指
國際名牌飾品, Georg Jensen 喬治傑生 -2019 HERITAGE年度純銀夾式耳環 綠玉髓
國際名牌飾品, CALVIN KLEIN Hook 系列玫瑰金戒指-6
國際名牌飾品, (無卡分期12期)HERMES Clic Clac H PM 經典LOGO設計手環(粉x玫瑰金)
國際名牌飾品, 125週年系列施華洛世奇 Crystalgram iPhone11 Pro Max 藍色手機殼
國際名牌飾品, CALVIN KLEIN Bump 系列簡潔俐落率性風格雙色戒指-10
國際名牌飾品, Tiffany&Co. T系列 微笑Smile 經典玫瑰金色項鍊
國際名牌飾品, CALVIN KLEIN  Spicy 系列魅力時尚黑瑪瑙玫瑰金長型垂墜耳環
國際名牌飾品, SWAROVSKI 施華洛世奇 Further 玫瑰金水晶項鍊
國際名牌飾品, CALVIN KLEIN Side 系列心型香檳金長項鍊
國際名牌飾品, SWAROVSKI 施華洛世奇 NAUGHTY璀璨水晶雪白羽毛銀色項鍊
國際名牌飾品, SWAROVSKI施華洛世奇 TAROT MAGIC水晶穿孔耳環
國際名牌飾品, Georg Jensen 喬治傑生 - OFFSPRING 純銀手鍊
國際名牌飾品, (無卡分期12期)HERMES Clic Clac H PM 經典LOGO設計手環(黑x玫瑰金)
國際名牌飾品, CALVIN KLEIN Bubbly 系列珍愛鋼色戒指-7
國際名牌飾品, Tiffany&Co. Return to Tiffany 圓牌藍色琺瑯愛心刻字純銀項鍊
國際名牌飾品, 施華洛世奇 Tropical Leaf 淡金色熱帶葉穿孔耳環
國際名牌飾品, HERMES H POP款LOGO圓弧型項鍊(紅/金)
國際名牌飾品, Georg Jensen 喬治傑生 -INFINITY純銀項鍊
國際名牌飾品, Tiffany&Co. Return to Tiffany 城市花園瓢蟲造型純銀項鍊
國際名牌飾品, Cartier 經典LOVE系列鑽石鑲嵌金環雙鍊手環(金)
國際名牌飾品, GEORG JENSEN 喬治傑生-DAISY 雛菊純銀手鍊 白色琺瑯
國際名牌飾品, SWAROVSKI施華洛世奇 Circle水晶穿孔耳環
國際名牌飾品, HERMES H POP款LOGO圓弧型項鍊(深紫/玫瑰金)
國際名牌飾品, Calvin Klein CK return 一生一世玫瑰金對戀項鍊
國際名牌飾品, DIOR 經典鍍金復古金屬不對稱字母NG蜜蜂造型穿式耳環(古銅金)
國際名牌飾品, SWAROVSKI 施華洛世奇 ONE水晶耳環
國際名牌飾品, Georg Jensen 喬治傑生 - OFFSPRING 18K金手鍊
國際名牌飾品, Georg Jensen 喬治傑生 - 2018 HERITAGE年度項鍊 紫羅蘭石
國際名牌飾品, GEORG JENSEN-1997年度項鍊 黑瑪瑙
國際名牌飾品, CALVIN KLEIN Bump 系列簡潔俐落率性風格雙色戒指-11
國際名牌飾品, SWAROVSKI施華洛世奇  INFINITY 水晶手鐲
國際名牌飾品, Pandora 潘朵拉 閃耀晶透鯉魚紋琉璃珠 純銀墜飾 串珠
國際名牌飾品, CHANEL 香奈兒方型壓克力珍珠飾邊雙C LOGO穿式耳環(藍)
國際名牌飾品, SWAROVSKI 施華洛世奇 MINNIE璀璨水晶米妮造型金色項鍊
國際名牌飾品, CALVIN KLEIN Brilliant 系列閃耀香檳金晶鑽項鍊
國際名牌飾品, CALVIN KLEIN Senses 系列玫瑰金雙色唯美戒指-6
國際名牌飾品, Georg Jensen 喬治傑生 -1988 HERITAGE年度項鍊 紅玉髓
國際名牌飾品, CALVIN KLEIN  Hook 系列經典細緻白鋼手環-M
國際名牌飾品, CHANEL 經典大雙C LOGO鑲水鑽裝飾耳環(金)
國際名牌飾品, Pandora 潘朵拉 迪士尼系列 獅子王 925純銀手鍊手環
國際名牌飾品, HERMES Kelly Double Tour 窄版兩圈皮革手環(黑/金)
國際名牌飾品, CHANEL 經典雙C LOGO水鑽鑲嵌星星愛心墜飾夾式耳環(金)
國際名牌飾品, CHARRIOL 夏利豪SUGAR系列經典徹爾斯鋼索5石手環
國際名牌飾品, Georg Jensen 喬治傑生 -1988 HERITAGE年度項鍊 綠玉髓
國際名牌飾品, CHANEL 經典雙C LOGO鑲珠珠環狀造型耳環(香檳金)
國際名牌飾品, 施華洛世奇 Impulsep Slake 紫色華麗閃耀手環
國際名牌飾品, 施華洛世奇 Sparkling Dance Round 圓形水晶項鏈
國際名牌飾品, Tiffany&Co. Venetian威尼斯簡約鍊條造型純銀手鍊
國際名牌飾品, Georg Jensen 喬治傑生 - 2020 HERITAGE年度夾式耳環 紅玉髓
國際名牌飾品, SWAROVSKI 施華洛世奇 ONE手鍊
國際名牌飾品, CALVIN KLEIN Snake 系列連綴雙蛇鱗唯美鋼色戒指-9
國際名牌飾品, CALVIN KLEIN Senses 系列玫瑰金雙色唯美戒指-8
國際名牌飾品, CALVIN KLEIN Daring 系列時尚戒指-玫瑰金
國際名牌飾品, Calvin Klein CK 低調黑色菱形紋手環
國際名牌飾品, 施華洛世奇 Remix Collection 玫金色光彩水晶珍珠飾鏈
國際名牌飾品, SWAROVSKI 施華洛世奇DOUBLE金手鍊
國際名牌飾品, CALVIN KLEIN Beauty 系列簡潔圓形白鋼耳環
國際名牌飾品, SWAROVSKI施華洛世奇 DAZZLING粉紅水晶項鍊
國際名牌飾品, GEORG JENSEN-MOONLIGHT GRAPES 純銀吊墜
國際名牌飾品, SWAROVSKI 施華洛世奇 玫瑰金天鵝水晶項鍊
國際名牌飾品, GEORG JENSEN 喬治傑生-DAISY 小雛菊純銀琺瑯手鍊
國際名牌飾品, HERMES Eileen LOGO造型項鍊(水藍/玫瑰金)
國際名牌飾品, CHANEL 經典簍空大雙C LOGO水鑽珠珠裝飾耳環(金)
國際名牌飾品, HERMES BIRKIN包包造型純銀項鍊
國際名牌飾品, Pandora 潘朵拉 閃亮貓頭鷹 純銀墜飾 串珠
國際名牌飾品, CHARRIOL 夏利豪 經典項鍊款/ 金
國際名牌飾品, SWAROVSKI施華洛世奇 LIFELONG HEART 雙色水晶項鍊
國際名牌飾品, SWAROVSKI 施華洛世奇Ginger金色手鐲
國際名牌飾品, GEORG JENSEN-SAVANNAH 純銀手鐲 紫水晶
國際名牌飾品, MARC BY MARC JACOBS金銀雙色幾何造型硬式手環
國際名牌飾品, GEORG JENSEN-MARCIA 純銀耳環
國際名牌飾品, 施華洛世奇 Into the Sky 白金色愛戀熱氣球項鏈
國際名牌飾品, 施華洛世奇 Tarot Bird 玫金色塔羅希望之鳥鑰匙圈
國際名牌飾品, 施華洛世奇 Symbol 玫金色旋月項鏈
國際名牌飾品, 施華洛世奇 Impulsep Slake 紅色華麗閃耀手環
國際名牌飾品, SWAROVSKI施華洛世奇 INFINITY HEART水晶項鍊
國際名牌飾品, 施華洛世奇 Impulsep Slake 淺灰色華麗閃耀手環
國際名牌飾品, SWAROVSKI 施華洛世奇 LOVELY 玫瑰金水晶手鍊
國際名牌飾品, SWAROVSKI 施華洛世奇白色水晶筆
國際名牌飾品, CALVIN KLEIN Snake 系列連綴蛇鱗唯美白鋼手環-M
國際名牌飾品, apm MONACO法國精品珠寶 玫瑰金色三圓環別針造型鑲鋯戒指
國際名牌飾品, GEORG JENSEN 喬治傑生-DAISY 雛菊純銀鍍金耳環 白色琺瑯
國際名牌飾品, SWAROVSKI施華洛世奇 LIFELONG HEART 水晶穿孔耳環
國際名牌飾品, 施華洛世奇 Flora 淡金色黃花手鏈
國際名牌飾品, CALVIN KLEIN Unified 系列愛相隨經典香檳金項鍊
國際名牌飾品, CALVIN KLEIN Bubbly 系列珍愛單珠鋼色耳環
國際名牌飾品, CALVIN KLEIN Strong 系列經典黑旋風項鍊
國際名牌飾品, CALVIN KLEIN Snake 系列連綴蛇鱗唯美香檳金色戒指-7
國際名牌飾品, CHARRIOL 夏利豪 經典徹爾斯鋼索玫瑰金色戒指
國際名牌飾品, CALVIN KLEIN Hook 系列經典時尚晶鑽白鋼戒指-6
國際名牌飾品, HERMES H LOGO方塊項鍊(白/金)
國際名牌飾品, SWAROVSKI 施華洛世奇 雙色水晶北極星造型玫瑰金項鍊
國際名牌飾品, SWAROVSKI 施華洛世奇 ONE 紅水晶銀色手鍊
國際名牌飾品, HERMES H POP款LOGO圓弧型耳針式耳環(珊瑚紅/玫瑰金)
國際名牌飾品, 施華洛世奇 Nice 白金色唯美羽翼垂墜穿孔耳環
國際名牌飾品, 施華洛世奇 Magic 時尚百搭雪花穿孔耳環
國際名牌飾品, Calvin Klein CK 解構實驗風格手環
國際名牌飾品, HERMES Collier De Chien金屬牛皮寬版手環-黑色
國際名牌飾品, CHARRIOL 夏利豪 Forever 色彩拉繩橘色手環
國際名牌飾品, CHANEL 經典雙C LOGO不規則波浪紋雙色項鍊
國際名牌飾品, Georg Jensen 喬治傑生 - MERCY 純銀優雅耳環
國際名牌飾品, SWAROVSKI 施華洛世奇 SPARKLING DANCE水晶耳環
國際名牌飾品, TORY BURCH 經典金屬雙T垂墜珍珠針式耳環(玫瑰金)
國際名牌飾品, SWAROVSKI施華洛世奇 INFINITY HEART水晶項鍊
國際名牌飾品, HERMES H POP款LOGO圓弧型耳針式耳環(柑橘/金)
國際名牌飾品, Georg Jensen 喬治傑生 - 1999 HERITAGE年度項鍊復刻版 橄欖石
國際名牌飾品, SWAROVSKI 施華洛世奇 Lifelong Heart璀燦垂墜水晶愛心玫瑰金項鍊
國際名牌飾品, Georg Jensen 喬治傑生 - MOONLIGHT BLOSSOM純銀項鍊 琥珀
國際名牌飾品, CALVIN KLEIN Exclusive 系列三環三色亮麗時尚戒指-6
國際名牌飾品, SWAROVSKI 施華洛世奇 Penélope Cruz璀璨水晶星月玫瑰金手環手鍊
國際名牌飾品, HERMES Caleche經典馬車LOGO印花圖騰琺瑯窄版手環-暗紅X金
國際名牌飾品, SWAROVSKI 施華洛世奇SUBTLE 水晶手鏈
國際名牌飾品, 施華洛世奇 Crystalline Aura 玫金色灰褐光彩手錶
國際名牌飾品, CHANEL 經典雙C LOGO水鑽鑲飾垂掛魚鉤穿式耳環(黑)
國際名牌飾品, MONT BLANC 萬寶龍 三圈六角星釦環純銀項鍊
國際名牌飾品, Georg Jensen 喬治傑生 - 2018年度項鍊 方納石 加大版
國際名牌飾品, HERMES H POP款LOGO圓弧型項鍊(水藍/銀)
國際名牌飾品, CHANEL 經典雙C LOGO珍珠造型項鍊(金)
國際名牌飾品, CK Calvin Klein  璀璨魅力風戒指-玫瑰金色
國際名牌飾品, SWAROVSKI 施華洛世奇 ATTRACT套組
國際名牌飾品, 施華洛世奇 Sparkling Dance Flower 優雅迷人鍍玫瑰金色項鍊
國際名牌飾品, HERMES Eileen LOGO造型項鍊(金/橘黃)
國際名牌飾品, 施華洛世奇 Lifelong Heart 玫金色戀之結穿孔耳環
國際名牌飾品, CALVIN KLEIN Mighty 系列魅力黑雙色男戒指-10
國際名牌飾品, CALVIN KLEIN Brilliant 系列閃耀玫瑰金戒指-7
國際名牌飾品, CALVIN KLEIN Spinner 系列圓形香檳金戒指-8
國際名牌飾品, CALVIN KLEIN  Spicy 系列魅力時尚黑瑪瑙玫瑰金戒指-6
國際名牌飾品, Tiffany&Co. Return to Tiffany 經典愛心粗鍊純銀手鍊
國際名牌飾品, CALVIN KLEIN Wonder 系列四環四色心動奇蹟戒指-6
國際名牌飾品, Tiffany&Co. Elsa Peretti 經典優雅相思豆純銀項鍊
國際名牌飾品, CALVIN KLEIN Unified 系列愛相隨經典白鋼耳環
國際名牌飾品, CALVIN KLEIN Bubbly 系列珍愛鋼色手環-S
國際名牌飾品, CALVIN KLEIN Strong 系列經典黑旋風白鋼皮革手環
國際名牌飾品, CALVIN KLEIN Senses 系列玫瑰金雙色唯美戒指-7
國際名牌飾品, CHANEL 經典C LOGO鑲珍珠裝飾項鍊(香檳金)
國際名牌飾品, CHARRIOL 夏利豪經典徹爾斯鋼索玫瑰金手環
國際名牌飾品, 施華洛世奇 Octea Lux Moon 湛藍耀眼月相手錶
