SANLUX台灣三洋 410L 直立式冷凍櫃 SCR-410A, https://s.yimg.com/zp/MerchandiseImages/E0FAC7177E-Product-21093506.jpg
【全新福利品】大河TAIGA 108L臥式冷凍櫃, https://s.yimg.com/zp/MerchandiseImages/016F45383F-SP-5845386.jpg
Panasonic國際牌 468公升 一級能效三門變頻電冰箱 NR-C479HV, https://s.yimg.com/zp/MerchandiseImages/AC5841BE37-Product-24307630.jpg
HITACHI日立 594L 3級變頻對開4門電冰箱 RG616 琉璃黑, https://s.yimg.com/zp/MerchandiseImages/FCC268B186-Gd-7730504.jpg
SANLUX台灣三洋 103L 上掀式冷凍櫃 SCF-103W, https://s.yimg.com/zp/MerchandiseImages/600A0D37B9-Product-20792635.jpg
TECO東元 194L 上掀式冷凍櫃 RL2017W, https://s.yimg.com/zp/MerchandiseImages/DF270A2877-Gd-7903581.jpg
[館長推薦] Panasonic國際牌 385公升 1級變頻3門電冰箱 NR-C389HV, https://s.yimg.com/zp/MerchandiseImages/79368B9D60-Gd-8221199.jpg
[結帳9折] HERAN禾聯 500L 直立式冷凍櫃 HFZ-B5011F, https://s.yimg.com/zp/MerchandiseImages/9484E18C5D-Gd-8757370.jpg
Haier海爾 1尺9 上掀密閉冷凍櫃 (HCF-102S)新款, https://s.yimg.com/zp/MerchandiseImages/AD3A174B84-SP-7412859.jpg
福利品-SAMPO聲寶 170公升 直立式無霜冷凍櫃 SRF-171F 髮絲銀, https://s.yimg.com/zp/MerchandiseImages/8E2FC40D8C-SP-8256900.jpg
[館長推薦] SANLUX台灣三洋 97公升 2級定頻單門電冰箱 SR-B97A5, https://s.yimg.com/zp/MerchandiseImages/7FDD83D9EC-Gd-8486991.jpg
HERAN禾聯 235L 直立式冷凍櫃 HFZ-B2451, https://s.yimg.com/zp/MerchandiseImages/A2AED9BCFD-SP-8240283.jpg
TOSHIBA東芝 192L 1級變頻2門電冰箱 GR-A25TS, https://s.yimg.com/zp/MerchandiseImages/267DE38157-SP-6615435.jpg
Panasonic國際牌 500公升 一級能效四門變頻電冰箱 NR-D500HV, https://s.yimg.com/zp/MerchandiseImages/BA8870296A-SP-7629375.jpg
LG樂金 761公升 InstaView WiFi敲敲看門中門冰箱 GR-QPL88SV 精緻銀, https://s.yimg.com/zp/MerchandiseImages/AE9727C2FD-Gd-7966521.jpg
SANLUX台灣三洋 207L 上掀式冷凍櫃 SCF-207W, https://s.yimg.com/zp/MerchandiseImages/C46BF27EB5-Product-20792633.jpg
TATUNG大同 92L 1級小單門電冰箱 TR-92HM, https://s.yimg.com/zp/MerchandiseImages/BE4EB7DAE9-SP-8047203.jpg
【預購】Frigidaire富及第 31L桌上型立式冷凍櫃 節能型 FRT-0313MZ, https://s.yimg.com/zp/MerchandiseImages/E20BFABDD8-SP-8296064.jpg
[結帳9折] HERAN禾聯 600L 直立式冷凍櫃 HFZ-B6011F, https://s.yimg.com/zp/MerchandiseImages/17EC3276BB-Gd-8757369.jpg
SANLUX台灣三洋 150L 上掀式冷凍櫃 SCF-150W, https://s.yimg.com/zp/MerchandiseImages/E511A5DF9F-Product-20792636.jpg
日本TAIGA 252L臥式冷凍櫃(全新福利品), https://s.yimg.com/zp/MerchandiseImages/C01C6337BC-SP-8244868.jpg
SAMPO 聲寶87公升直立式 冷凍櫃 SRF-90S, https://s.yimg.com/zp/MerchandiseImages/6ADBAC930D-SP-8262518.jpg
Warrior 樺利 98公升臥式冷凍櫃 BD102, https://s.yimg.com/zp/MerchandiseImages/DD9F4D19A9-SP-8268176.jpg
[館長推薦] HITACHI日立 460公升 1級變頻雙門電冰箱 RV469-PWH, https://s.yimg.com/zp/MerchandiseImages/EBBB74A528-Gd-8722154.jpg
Panasonic國際牌 610公升 一級能效四門變頻電冰箱 NR-D610HV, https://s.yimg.com/zp/MerchandiseImages/53ED30F006-Product-24307615.jpg
HERAN禾聯 201 L直立式微霜冷凍櫃 HFZ-B2011, https://s.yimg.com/zp/MerchandiseImages/C9595F6E18-SP-8301390.jpg
Haier海爾 1尺4 上掀密閉冷凍櫃 HCF-66, https://s.yimg.com/zp/MerchandiseImages/1227322C4C-SP-6971900.jpg
Panasonic國際牌 500公升 一級能效三門變頻電冰箱 NR-C500HV, https://s.yimg.com/zp/MerchandiseImages/1B9143433B-Product-24307624.jpg
HITACHI日立 483L 日本製 1級變頻eco智慧5門電冰箱 RS49HJ, https://s.yimg.com/zp/MerchandiseImages/7DBF2EA932-Gd-7819925.jpg
HITACHI日立 563L 1級變頻5門電冰箱 RS57HJ, https://s.yimg.com/zp/MerchandiseImages/DC1437A749-Gd-7819929.jpg
HITACHI日立 443L 1級變頻2門電冰箱 RV449, https://s.yimg.com/zp/MerchandiseImages/6263C147A9-Gd-8291824.jpg
Panasonic國際牌 481公升 一級能效三門變頻電冰箱 NR-C489TV, https://s.yimg.com/zp/MerchandiseImages/746E7AE2CF-Product-24518697.jpg
[館長推薦] Panasonic國際牌 500公升 1級變頻4門電冰箱 NR-D500NHGS, https://s.yimg.com/zp/MerchandiseImages/9316C6E1C6-Gd-8604220.jpg
SANLUX台灣三洋 145L 臥式冷凍櫃 SCF-145M, https://s.yimg.com/zp/MerchandiseImages/149C59DDF1-Product-22342527.jpg
[館長推薦] SAMSUNG三星 237公升 1級變頻雙門電冰箱 RT22M4015S8/TW 時尚銀, https://s.yimg.com/zp/MerchandiseImages/2B6BA08135-Gd-7965029.jpg
Warrior直立桌上型冷凍櫃 42L (SD-45A), https://s.yimg.com/zp/MerchandiseImages/9D13FB007F-SP-7125162.jpg
福利品 大河TAIGA 310L 臥式冷凍櫃 白色, https://s.yimg.com/zp/MerchandiseImages/7E65D3ABEC-SP-6080590.jpg
SONGEN松井まつい冷暖兩用雙門數控電子冰箱/冷藏箱/保溫箱/小冰箱(CLT-18BH), https://s.yimg.com/zp/MerchandiseImages/65A10E19E8-SP-7401508.jpg
SANLUX台灣三洋 321L 1級變頻雙門電冰箱SR-C321BV1B, https://s.yimg.com/zp/MerchandiseImages/0AFDA1B526-SP-8084813.jpg
TATUNG大同 95L 1級小單門電冰箱 TR-95M-W, https://s.yimg.com/zp/MerchandiseImages/9D6E62038A-SP-8047410.jpg
Frigidaire 富及第 600L立式無霜冷凍櫃 贈基本安裝, https://s.yimg.com/zp/MerchandiseImages/85245FB670-Product-21052662.jpg
SANLUX台灣三洋 380L 1級變頻2門鏡面電冰箱 SR-C380BV1-P, https://s.yimg.com/zp/MerchandiseImages/82C77A0A36-Product-23076333.jpg
SANLUX台灣三洋 203L 臥式冷凍櫃 SCF-203M, https://s.yimg.com/zp/MerchandiseImages/3E21570B01-Product-22342549.jpg
[館長推薦]HITACHI日立 403L 1級變頻2門電冰箱 RV409-PWH 典雅白, https://s.yimg.com/zp/MerchandiseImages/2F2DBD21DF-Gd-8934339.jpg
Warrior 樺利 152公升臥式冷凍櫃 BD155, https://s.yimg.com/zp/MerchandiseImages/5C2C1D121D-SP-8268219.jpg
日本TAIGA 562L臥式冷凍櫃, https://s.yimg.com/zp/MerchandiseImages/5BF596C724-SP-7785306.jpg
SANLUX台灣三洋 305L 直立式冷藏櫃 SRM-305RA, https://s.yimg.com/zp/MerchandiseImages/1745BBC92C-Product-23542014.jpg
Whirlpool 惠而浦 210L 直立式冰櫃 WIFS08G, https://s.yimg.com/zp/MerchandiseImages/6AEF65311C-SP-7990132.jpg
Panasonic國際牌 485公升 一級能效雙門變頻電冰箱 NR-B480TV, https://s.yimg.com/zp/MerchandiseImages/4F4E2513C2-Product-24518699.jpg
Panasonic國際牌501L1級變頻6門電冰箱NR-F504VT, https://s.yimg.com/zp/MerchandiseImages/D31291C608-SP-6447714.jpg
Panasonic國際牌 130L 1級變頻2門電冰箱 NR-B139TV-R 亮彩金, https://s.yimg.com/zp/MerchandiseImages/76F90D14CB-SP-6655463.jpg
LG樂金 821L 變頻WiFi門中門電冰箱 GR-DL88SV 銀色, https://s.yimg.com/zp/MerchandiseImages/216C0E7983-Gd-7961463.jpg
[無卡分期-12期]HITACHI日立594公升四門對開琉璃電冰箱RG616 琉璃黑, https://s.yimg.com/zp/MerchandiseImages/FCC268B186-Gd-7830074.jpg
HITACHI日立 527L 1級變頻 6門電冰箱 RHW530JJ 琉璃, https://s.yimg.com/zp/MerchandiseImages/F8A43D05F5-Gd-8073173.jpg
HITACHI日立 394L 1級變頻3門電冰箱 RG41BL 琉璃 左開特仕版, https://s.yimg.com/zp/MerchandiseImages/2503A12444-Gd-8513360.jpg
Haier海爾 2尺4 上掀密閉冷凍櫃 (HCF-142S) 新款, https://s.yimg.com/zp/MerchandiseImages/0C0765831B-SP-7412887.jpg
HITACHI日立 407L 1級變頻5門電冰箱 RS42HJ, https://s.yimg.com/zp/MerchandiseImages/964C326913-Gd-7819926.jpg
Panasonic國際牌 366公升 一級能效雙門變頻電冰箱 NR-B370TV 星耀金, https://s.yimg.com/zp/MerchandiseImages/5F947DF927-SP-7774541.jpg
Panasonic國際牌 650公升 一級能效雙門變頻電冰箱 NR-B659TV, https://s.yimg.com/zp/MerchandiseImages/44714B83D9-Product-24518698.jpg
HITACHI日立 331L 1級變頻3門電冰箱 RG36BL 琉璃 左開特仕版, https://s.yimg.com/zp/MerchandiseImages/4BAD4F3751-Gd-8512809.jpg
SANLUX台灣三洋 236L 上掀式冷凍櫃 風扇式無霜 SCF-236GF, https://s.yimg.com/zp/MerchandiseImages/64DF948438-Product-24544710.jpg
HITACHI日立 331L 1級變頻3門電冰箱 RG36B 琉璃, https://s.yimg.com/zp/MerchandiseImages/CBAC52AD5D-Gd-8223115.jpg
結帳9折！HERAN禾聯 200L 上掀式冷凍櫃 HFZ-2062, https://s.yimg.com/zp/MerchandiseImages/92C72613B2-Gd-7766093.jpg
KOLIN歌林 155L 臥式冷凍櫃 KR-115F02, https://s.yimg.com/zp/MerchandiseImages/D4CBAD69B2-SP-5928394.jpg
Warrior樺利 直立桌上型冷凍櫃 85L (SD92A), https://s.yimg.com/zp/MerchandiseImages/B4107A4752-SP-7125214.jpg
KOLIN歌林 300L 臥室冷凍櫃 KR-130F02 棗紅色, https://s.yimg.com/zp/MerchandiseImages/9BCEAE66A9-SP-5928305.jpg
TECO東元 330L 1級變頻2門電冰箱 R3501XHS, https://s.yimg.com/zp/MerchandiseImages/E9EEB8BB07-Product-23392454.jpg
SANLUX台灣三洋 250L 1級定頻2門電冰箱 SR-C250B1, https://s.yimg.com/zp/MerchandiseImages/7576108194-SP-7538418.jpg
SANLUX台灣三洋 376L 上掀式冷凍櫃 SCF-376G, https://s.yimg.com/zp/MerchandiseImages/A737BDCCAF-Product-24543255.jpg
HITACHI日立 460L 1級變頻2門電冰箱 RV469, https://s.yimg.com/zp/MerchandiseImages/25ED5B3B3E-Gd-8558002.jpg
Frigidaire富及第 180L 省電型立式冷凍櫃 FRT-1801KZU, https://s.yimg.com/zp/MerchandiseImages/1ADB75B177-SP-8315316.jpg
台灣三洋 SANLUX 98L 1級能效 單門小冰箱-珍珠白 SR-C98A1, https://s.yimg.com/ut/api/res/1.2/s052UqjM3OVi9I_oYaNeRw--~B/dz0xNjg7aD0xNjg7cT0xMDA7Zmk9Zml0O3NzPTEuMDthcHBpZD15dHdtYWxs/https://s.yimg.com/fy/f665/item/p0439202681080-item-176exf4x0600x0600-m.jpg
Panasonic國際牌 610公升 一級能效三門變頻電冰箱 NR-C610HV, https://s.yimg.com/zp/MerchandiseImages/C961F7B086-Product-24307618.jpg
HITACHI日立 615L 1級變頻6門電冰箱 RSF62J, https://s.yimg.com/zp/MerchandiseImages/A937D3621E-Gd-7826343.jpg
Panasonic國際牌 579公升 一級能效雙門變頻電冰箱 NR-B589TV, https://s.yimg.com/zp/MerchandiseImages/E0C4D1387A-Product-24518693.jpg
ZANWA晶華 節能無聲客房冰箱/冷藏箱/小冰箱/紅酒櫃(SG-42AS), https://s.yimg.com/zp/MerchandiseImages/B78BEBB834-SP-7609915.jpg
【客訂商品】SAMSUNG三星 825L 變頻藏鮮愛現2門對開電冰箱 RH80J81327F, https://s.yimg.com/zp/MerchandiseImages/1B1D7F40D4-Gd-6735084.jpg
SANLUX台灣三洋 165L 直立式單門冷凍櫃 SCR-165F, https://s.yimg.com/zp/MerchandiseImages/9394176E4C-Product-23665216.jpg
[結帳9折] HERAN禾聯 400L 上掀式冷凍櫃 HFZ-4061, https://s.yimg.com/zp/MerchandiseImages/08B263EF08-Gd-8752183.jpg
ZANWA晶華 電子雙核芯變頻式冰箱/冷藏箱/小冰箱/紅酒櫃(ZW-46STF), https://s.yimg.com/zp/MerchandiseImages/C89F864FE8-SP-7401479.jpg
Warrior 直立式冷藏櫃 6尺3 (SC-278G), https://s.yimg.com/zp/MerchandiseImages/DB6E486B8A-SP-8059688.jpg
ZANWA晶華 電子雙核芯變頻式冰箱/冷藏箱/小冰箱/紅酒櫃(ZW-30SB), https://s.yimg.com/zp/MerchandiseImages/4764E73DBC-SP-7849367.jpg
TOSHIBA東芝 231L 1級變頻2門電冰箱 GR-A28TS, https://s.yimg.com/zp/MerchandiseImages/9C63EC3A04-Product-22693128.jpg
ZANWA晶華 電子雙核芯變頻式冰箱/冷藏箱/小冰箱/紅酒櫃(ZW-46SB), https://s.yimg.com/zp/MerchandiseImages/E0D1528A09-SP-7746816.jpg
LG樂金 525L 1級變頻2門電冰箱 GN-HL567SV 星辰銀, https://s.yimg.com/zp/MerchandiseImages/F69334288C-Gd-7320244.jpg
SAMPO聲寶 242L 直立式無霜冷凍櫃 SRF-250F 炫金剛, https://s.yimg.com/zp/MerchandiseImages/BBE2646D36-Gd-8195137.jpg
[館長推薦] LG樂金 253公升 1級變頻直驅雙門電冰箱 GN-L307SV 星辰銀, https://s.yimg.com/zp/MerchandiseImages/20B1592AED-Gd-8394279.jpg
TOSHIBA東芝 409L 1級變頻2門電冰箱 GR-A461TBZ(N), https://s.yimg.com/zp/MerchandiseImages/ED51F093AD-Product-22639052.jpg
HITACHI日立 443L 1級變頻2門電冰箱 RG449, https://s.yimg.com/zp/MerchandiseImages/F8F80AE0E5-Gd-8291825.jpg
HERAN禾聯 188L 直立式冷凍櫃 HFZ-1862, https://s.yimg.com/zp/MerchandiseImages/E821F9034D-SP-8332449.jpg
HITACHI日立 403L 1級變頻2門電冰箱 RG409, https://s.yimg.com/zp/MerchandiseImages/3A786D7A9F-Gd-8291822.jpg
TECO東元 480L 1級變頻2門電冰箱 R4892XM, https://s.yimg.com/zp/MerchandiseImages/32C5F493AA-Gd-7894395.jpg
HITACHI日立 394L 1級變頻3門電冰箱 RG41B 琉璃, https://s.yimg.com/zp/MerchandiseImages/CD356D65F8-Gd-8133303.jpg
Panasonic國際牌601L1級變頻6門電冰箱NR-F604VT, https://s.yimg.com/zp/MerchandiseImages/7B6F7A2776-SP-6447847.jpg
Panasonic國際牌601L1級變頻6門電冰箱NR-F604VT, https://s.yimg.com/zp/MerchandiseImages/7B6F7A2776-SP-6447847.jpg
Panasonic國際牌411公升五門變頻冰箱NR-E414VT-W1晶鑽白, https://s.yimg.com/zp/MerchandiseImages/2A59789CAB-SP-7013721.jpg
Panasonic國際牌 500L 1級變頻4門電冰箱 NR-D500NHGS 玻璃面板, https://s.yimg.com/zp/MerchandiseImages/8D96E101FC-SP-6197959.jpg
SANLUX台灣三洋 250L 1級定頻2門電冰箱 SR-C250B1, https://s.yimg.com/zp/MerchandiseImages/26A2F1EA68-Product-21093426.jpg
Panasonic國際牌 500L 1級變頻4門電冰箱 NR-D500NHGS 玻璃面板, https://s.yimg.com/zp/MerchandiseImages/69E8C81F6A-Product-21983799.jpg
Warrior 直立式冷藏櫃 5尺1 (SC-238F), https://s.yimg.com/zp/MerchandiseImages/9FFB054E23-SP-7349283.jpg
MITSUBISHI 三菱 365公升 泰製三門變頻冰箱-純淨白 MR-CGX37EN-GWH, https://s.yimg.com/zp/MerchandiseImages/DE999AEF63-SP-7961618.jpg
台灣三洋 SANLUX 306L上掀式冷凍櫃 SCF-306W, https://s.yimg.com/ut/api/res/1.2/l_djfLt8ErKCT0PkSDu59g--~B/dz0xNjg7aD0xNjg7cT0xMDA7Zmk9Zml0O3NzPTEuMDthcHBpZD15dHdtYWxs/https://s.yimg.com/fy/e7a1/item/p0439187697107-item-a331xf4x1000x1000-m.jpg
福利品-Kolin歌林 100L 臥式 冷藏/冷凍二用冰櫃 KR-110F03(基本運送/折箱定位), https://s.yimg.com/zp/MerchandiseImages/7E83CBEB4E-SP-8154364.jpg
Panasonic國際牌485L雙門變頻冰箱 NR-B480TV-S1(星耀金), https://s.yimg.com/zp/MerchandiseImages/D20CAA1288-SP-7794842.jpg
TECO東元 99L 1級定頻單門電冰箱 R1091W, https://s.yimg.com/zp/MerchandiseImages/9BFAC9EC38-Gd-7808550.jpg
Whirlpool惠而浦 335L 1級變頻2門電冰箱 WIT2355G 右開, https://s.yimg.com/zp/MerchandiseImages/CC0257E241-SP-6555950.jpg
TECO東元 125公升 一級能效定頻雙門冰箱 R1301N, https://s.yimg.com/zp/MerchandiseImages/F04A10A5CD-SP-8312826.jpg
[館長推薦] Panasonic國際牌 579L 台灣製 一級能效變頻ECONAVI無邊框鋼板雙門冰箱 NR-B589TV-S1 星耀金, https://s.yimg.com/zp/MerchandiseImages/5FD9D9E496-SP-8043756.jpg
Panasonic國際牌 500L 1級變頻3門電冰箱 NR-C500NHGS 玻璃面板, https://s.yimg.com/zp/MerchandiseImages/00BD4ABCFB-SP-6198028.jpg
Panasonic國際牌 610L 1級變頻4門電冰箱 NR-D610HV 鋼板面板, https://s.yimg.com/zp/MerchandiseImages/70E256D738-SP-6198089.jpg
【ZANWA】晶華酒櫃冷藏兩用冰箱/冷藏箱/小冰箱/紅酒櫃(SG-35DLW), https://s.yimg.com/zp/MerchandiseImages/43DAFBAAF3-SP-7900885.jpg
Whirlpool 惠而浦 198公升 臥式冰櫃 WCF198W1, https://s.yimg.com/zp/MerchandiseImages/8BF39E5DF3-SP-8258415.jpg
Panasonic國際牌 579L 1級變頻2門電冰箱 NR-B589TV, https://s.yimg.com/zp/images/6D5CA9AD01A87906145777AA699D7C7A6541FB1C
Panasonic國際牌 422L 1級變頻2門電冰箱 NR-B429TG, https://s.yimg.com/zp/MerchandiseImages/7DCB92D5FC-Gd-7407096.jpg
HITACHI日立 481L 1級變頻6門電冰箱 RSF48HJ, https://s.yimg.com/zp/MerchandiseImages/92347074EB-Gd-7961471.jpg
Dometic 吸收式製冷小冰箱 / Eco Line MiniBar RH440 LD, https://s.yimg.com/zp/MerchandiseImages/9634EA5EAE-Product-19224720.jpg
SAMPO聲寶 250L 1級變頻2門電冰箱 SR-A25D(Y2) 炫麥金, https://s.yimg.com/zp/MerchandiseImages/C56DE3C6EB-Gd-7581236.jpg
Warrior 樺利 197公升臥式冷凍櫃 BD215, https://s.yimg.com/zp/MerchandiseImages/0730F5689F-SP-8268243.jpg
HITACHI日立 561L 日本製1級變頻 6門電冰箱 RXG570JJ, https://s.yimg.com/zp/MerchandiseImages/00BB1699E5-Gd-8223064.jpg
LG樂金 343公升 WiFi直驅變頻上下門冰箱 GW-BF389SA 晶鑽格紋銀, https://s.yimg.com/zp/MerchandiseImages/7FF1513E92-Gd-8815646.jpg
福利品-SAMPO聲寶 250L 1級變頻2門電冰箱 SR-A25D(S3) 不鏽鋼, https://s.yimg.com/zp/MerchandiseImages/5672665DC5-SP-8336544.jpg
(無卡分期-12期)HITACHI日立 394L 1級變頻3門電冰箱 RG41B, https://s.yimg.com/zp/MerchandiseImages/CD356D65F8-Gd-8136638.jpg
SAMSUNG三星 500L 1級變頻2門電冰箱 RT18M6219S9/TW  時尚銀, https://s.yimg.com/zp/MerchandiseImages/C919DB8220-Gd-7654780.jpg
[無卡分期-12期]國際牌 500L 1級變頻4門電冰箱 NR-D500NHGS, https://s.yimg.com/zp/MerchandiseImages/69E8C81F6A-Product-22065885.jpg
TOSHIBA東芝 305L 1級變頻2門電冰箱 GR-A320TBZ(N), https://s.yimg.com/zp/MerchandiseImages/EFA2C8F78F-Product-21206619.jpg
HITACHI日立 407L 1級變頻5門電冰箱 RS42HJL 左開特仕版, https://s.yimg.com/zp/MerchandiseImages/9A4E193A1C-Gd-7819927.jpg
SAMPO聲寶 250L 1級變頻2門電冰箱 SR-A25D(S3) 不鏽鋼, https://s.yimg.com/zp/MerchandiseImages/B3FCF99E77-Gd-7770095.jpg
TOSHIBA東芝 510L 1級變頻2門電冰箱 GR-A55TBZ(N), https://s.yimg.com/zp/MerchandiseImages/A0026B16D7-Product-21553901.jpg
Panasonic國際牌 610L 1級變頻4門電冰箱 NR-D610NHGS, https://s.yimg.com/zp/MerchandiseImages/75CBB81942-SP-6197685.jpg
SAMSUNG三星 456L 1級變頻2門電冰箱 RT46K6239BS/TW, https://s.yimg.com/zp/MerchandiseImages/E47D972878-Gd-7653136.jpg
福利品-日本Siroca crossline紅酒櫃SNE-W2312B, https://s.yimg.com/zp/MerchandiseImages/870C61EF72-SP-7104658.jpg
Panasonic國際牌 579L 1級變頻2門電冰箱 NR-B589TG, https://s.yimg.com/zp/images/F99AA896C0FD02EBE6A38F97BA312FA664B3200D
SANLUX台灣三洋 206L 1級定頻雙門電冰箱SR-C206B1, https://s.yimg.com/zp/MerchandiseImages/BEA430F330-SP-8266384.jpg
Panasonic 國際牌268公升一級能效智慧節能變頻雙門冰箱 NR-B270TV-S1星耀金, https://s.yimg.com/zp/MerchandiseImages/4D943F9679-SP-8252821.jpg
HITACHI日立 407L 1級變頻5門電冰箱 RSG420J 琉璃白, https://s.yimg.com/zp/MerchandiseImages/1504B2BFF2-Gd-8777217.jpg
Panasonic國際牌 485L 1級變頻2門電冰箱 NR-B489TG, https://s.yimg.com/zp/images/1691BA34EEF8BFEF3344F6350DE253BF12C46803
Panasonic國際牌 422L雙門變頻冰箱 NR-B420TV-A (星耀黑), https://s.yimg.com/zp/MerchandiseImages/815020D436-SP-7778130.jpg
Panasonic國際牌 579L 1級變頻2門電冰箱 NR-B589TG, https://s.yimg.com/zp/images/38627868803D15E9D1E04D6C405458379DA53303
Warrior直立式冷藏櫃 6尺1 (SC-420G), https://s.yimg.com/zp/MerchandiseImages/B23E3AAAFD-SP-8059708.jpg
LG樂金 496L 1級變頻2門電冰箱 GN-BL497GV 光燦金, https://s.yimg.com/zp/MerchandiseImages/B6B134589C-Gd-7456496.jpg
[無卡分期-12期]HITACHI日立 403L 1級變頻2門電冰箱 RG409, https://s.yimg.com/zp/MerchandiseImages/3A786D7A9F-Gd-8294705.jpg
Panasonic國際牌 579L 玻璃雙門變頻冰箱 NR-B589TG-T(翡翠棕), https://s.yimg.com/zp/MerchandiseImages/49413B4D68-SP-8104546.jpg
HITACHI日立 569L 2級變頻6門電冰箱 RKW580KJ, https://s.yimg.com/zp/MerchandiseImages/BF339A56FF-Gd-8682577.jpg
SAMPO聲寶 140L 2級定頻2門電冰箱 SR-A14Q(R8) 粉彩紅, https://s.yimg.com/zp/MerchandiseImages/9A3CC745F3-Gd-7618620.jpg
SAMPO聲寶 455L 2級變頻3門電冰箱 SR-A46DV(Y2) 炫麥金 福利品, https://s.yimg.com/zp/MerchandiseImages/47C5310E7F-SP-6955940.jpg
TECO東元 50L 1級定頻單門電冰箱 R0512W, https://s.yimg.com/zp/MerchandiseImages/299DC783D0-Gd-8744653.jpg
[館長推薦] LG樂金 315公升 直驅變頻上下門冰箱 GN-L397BS 星夜黑, https://s.yimg.com/zp/MerchandiseImages/91158F72E3-Gd-8935215.jpg
LG樂金 438公升直驅變頻上下門冰箱 GI-HL450SV 星辰銀, https://s.yimg.com/zp/MerchandiseImages/F6E2E54972-Gd-8672277.jpg
LG樂金 608公升 直驅變頻上下門冰箱 GR-HL600MB 夜墨黑, https://s.yimg.com/zp/MerchandiseImages/87BCD2089A-Gd-8548565.jpg
LG 樂金 315公升 變頻雙門冰箱-星辰銀 GN-L397SV, https://s.yimg.com/ut/api/res/1.2/YHuhUV2IsDWPZuZjyZPkzQ--~B/dz0xNjg7aD0xNjg7cT0xMDA7Zmk9Zml0O3NzPTEuMDthcHBpZD15dHdtYWxs/https://s.yimg.com/fy/3932/item/p0713205689517-item-fbb1xf4x1000x1000-m.jpg
Warrior 樺利 3尺 雙門吧台冷藏櫃(BBD-230S), https://s.yimg.com/zp/MerchandiseImages/2F9AE0B958-SP-7125722.jpg
(無卡分期-12期)HITACHI日立607L1級變頻6門電冰箱 RHW610JJ, https://s.yimg.com/zp/MerchandiseImages/C750437249-Gd-8129484.jpg
[無卡分期12期]Panasonic國際牌 485L 1級變頻2門電冰箱 NR-B489TG, https://s.yimg.com/zp/MerchandiseImages/E89D606B45-SP-5831636.jpg
LG樂金 525L 3級變頻2門電冰箱 GN-DL567SV 星辰銀, https://s.yimg.com/zp/MerchandiseImages/9B102ED528-Gd-7320243.jpg
(贈好禮)MITSUBISHI三菱 525L 1級變頻5門冰箱 MR-BXC53X-W/N/BR, https://s.yimg.com/zp/MerchandiseImages/06B4725F08-SP-6480910.jpg
HITACHI日立 741L 變頻6門電冰箱 RX740HJ, https://s.yimg.com/zp/MerchandiseImages/BA1334F2E0-Gd-7961384.jpg
[無卡分期-12期]HITACHI日立 563L 1級變頻5門電冰箱 RS57HJ, https://s.yimg.com/zp/MerchandiseImages/DC1437A749-Gd-7830069.jpg
HITACHI日立 741L 變頻6門電冰箱 RZXC740KJ, https://s.yimg.com/zp/MerchandiseImages/027534FAE5-Gd-8682572.jpg
Panasonic國際牌 500L 1級變頻3門電冰箱 NR-C500NHGS 玻璃面板, https://s.yimg.com/zp/MerchandiseImages/001D4325BB-SP-6191223.jpg
LG 樂金 315公升 變頻雙門冰箱-星辰銀 GN-L397BS, https://s.yimg.com/ut/api/res/1.2/WmQks.9ZYI7rPGLOHFuotQ--~B/dz0xNjg7aD0xNjg7cT0xMDA7Zmk9Zml0O3NzPTEuMDthcHBpZD15dHdtYWxs/https://s.yimg.com/fy/5980/item/p0713205692070-item-0556xf4x1000x1000-m.jpg
Dellware玻璃門吸收式無聲客房冰箱40L (DW-40T), https://s.yimg.com/zp/images/D4CF7F20F2033DC0FCB5B7D7D8162A8714291E76
SAMPO 聲寶 455公升一級能效超值變頻系列變頻三門冰箱 SR-B46DV(R6) 紫燦銀, https://s.yimg.com/zp/MerchandiseImages/0A15D262B4-SP-8220128.jpg
Panasonic國際牌 610L 1級變頻3門電冰箱 NR-C610HV 鋼板材質, https://s.yimg.com/zp/MerchandiseImages/D9E8085259-SP-6198194.jpg
[無卡分期-12期]國際牌 610L 1級變頻4門電冰箱 NR-D610NHGS, https://s.yimg.com/zp/MerchandiseImages/820EC53E9E-Product-22065603.jpg
SAMSUNG三星 323L 1級變頻2門電冰箱 RT32K553FDX/TW 奢華棕, https://s.yimg.com/zp/MerchandiseImages/E6363A2C8F-Gd-7916908.jpg
SANLUX台灣三洋 98L 1級定頻單門電冰箱 SR-C98A1, https://s.yimg.com/zp/MerchandiseImages/5263DA8BE8-Product-23611508.jpg
Whirlpool惠而浦 495L 1級變頻2門電冰箱 WIT2515G 展碁代理, https://s.yimg.com/zp/MerchandiseImages/6F80678349-Product-20653869.jpg
Panasonic國際牌 500L 1級變頻3門電冰箱 NR-C500HV 鋼板面板, https://s.yimg.com/zp/MerchandiseImages/A7EAE7FDB2-SP-6198383.jpg
[館長推薦] Panasonic國際牌 579L 台灣製 一級能效變頻ECONAVI無邊框鋼板雙門冰箱 NR-B589TV-A 星耀黑, https://s.yimg.com/zp/MerchandiseImages/BA8E409250-SP-8043746.jpg
TECO 東元 600公升 一級能效變頻三門冰箱 (R6171VXHK), https://s.yimg.com/zp/MerchandiseImages/6AA5F4B654-SP-7920089.jpg
[無卡分期-12期]國際牌 500L 1級變頻3門電冰箱 NR-C500NHGS, https://s.yimg.com/zp/MerchandiseImages/47101FBC9B-SP-6204368.jpg
[限時優惠] LG樂金 253公升 1級變頻直驅雙門電冰箱 GN-L307C 星曜藍, https://s.yimg.com/zp/MerchandiseImages/5349F4EE03-Gd-8682567.jpg
TOSHIBA東芝 473L 1級變頻2門電冰箱 GR-A52TBZ(N), https://s.yimg.com/zp/MerchandiseImages/0043772A36-Product-21553900.jpg
TATUNG大同 310L 冷凍櫃 TR-310FR-W, https://s.yimg.com/zp/MerchandiseImages/83DE86CA9D-Product-23372941.jpg
[無卡分期-12期]HITACHI日立 407L 1級變頻5門電冰箱 RS42HJ, https://s.yimg.com/zp/MerchandiseImages/964C326913-Gd-7830078.jpg
Whirlpool惠而浦 740L 變頻2門電冰箱 WRS315SNHW, https://s.yimg.com/zp/MerchandiseImages/B8D84CB22B-SP-5991737.jpg
[無卡分期-12期]日立 331L 1級變頻3門電冰箱 RG36BL 左開特仕版, https://s.yimg.com/zp/MerchandiseImages/4BAD4F3751-Gd-8544181.jpg
SANLUX台灣三洋 475L 1級變頻3門電冰箱 SR-C475CVGA, https://s.yimg.com/zp/MerchandiseImages/11E4F6B281-Gd-8334277.jpg
[無卡分期-12期]HITACHI日立561L 1級變頻6門電冰箱RXG570JJ, https://s.yimg.com/zp/MerchandiseImages/00BB1699E5-Gd-8226690.jpg
(無卡分期-12期)HITACHI日立527L1級變頻6門電冰箱 RHW530JJ, https://s.yimg.com/zp/MerchandiseImages/F8A43D05F5-Gd-8129504.jpg
LG 樂金 186公升 變頻雙門冰箱-精緻銀 GN-I235DS, https://s.yimg.com/ut/api/res/1.2/3blrJlVxOTPTXQfAiTwmLQ--~B/dz0xNjg7aD0xNjg7cT0xMDA7Zmk9Zml0O3NzPTEuMDthcHBpZD15dHdtYWxs/https://s.yimg.com/fy/0363/item/p0713205687569-item-e30cxf4x1000x1000-m.jpg
Panasonic國際牌481L三門變頻冰箱 NR-C489TV-A 星耀黑, https://s.yimg.com/zp/MerchandiseImages/81296D4DF4-SP-7794775.jpg
TECO東元 99L 1級定頻單門電冰箱 R1091W, https://s.yimg.com/zp/MerchandiseImages/9BFAC9EC38-Gd-7657941.jpg
TOSHIBA東芝409公升雙門變頻玻璃鏡面冰箱 GR-AG461TDZ(ZW), https://s.yimg.com/zp/MerchandiseImages/647AF3AE4F-Product-21175422.jpg
【GE美國奇異】733L 對開二門冰箱-不鏽鋼GSE25HSSS, https://s.yimg.com/zp/MerchandiseImages/BBA974CC47-Product-22068409.jpg
SANLUX台灣三洋 528L 1級變頻3門電冰箱 SR-C528CV1A, https://s.yimg.com/zp/MerchandiseImages/70EAEBE7BD-Gd-8516541.jpg
SAMPO聲寶 560L 1級變頻4門電冰箱 SR-A56GDD(R7) 琉璃棕, https://s.yimg.com/zp/MerchandiseImages/67438A5E79-Gd-8094281.jpg
LG 樂金 253公升 變頻雙門冰箱-星曜藍 GN-L307C, https://s.yimg.com/ut/api/res/1.2/vg1Qo7VuQJYgMEVT63sMWw--~B/dz0xNjg7aD0xNjg7cT0xMDA7Zmk9Zml0O3NzPTEuMDthcHBpZD15dHdtYWxs/https://s.yimg.com/fy/1634/item/p0713205689090-item-a6e0xf4x1000x1000-m.jpg
beko英國倍科 505L 歐洲製 變頻深色不鏽鋼上下門冰箱 TEDNV7920RX (送5000全聯禮券), https://s.yimg.com/zp/MerchandiseImages/96399617ff-Gd-8571027.jpg
[無卡分期12期] LG樂金 525L 3級變頻2門電冰箱 GN-DL567SV 星辰銀, https://s.yimg.com/zp/MerchandiseImages/8C396FB8FE-Gd-7806204.jpg
Whirlpool惠而浦 840L 變頻對開2門電冰箱 WRS588FIHZ (含基本安裝), https://s.yimg.com/zp/MerchandiseImages/4D365AE6E1-SP-6544403.jpg
TECO 東元  610公升 一級能效變頻雙門冰箱   (R6191XH), https://s.yimg.com/zp/MerchandiseImages/591A334705-SP-8003965.jpg
[無卡分期-12期]HITACHI日立 407L 1級變頻5門電冰箱 RS42HJL 左開特仕版, https://s.yimg.com/zp/MerchandiseImages/9A4E193A1C-Gd-7830079.jpg
SANLUX台灣三洋 480L 1級變頻2門電冰箱 SR-C480BVG 采晶玻璃鏡面, https://s.yimg.com/zp/MerchandiseImages/EB709A28D0-Gd-7677635.jpg
TECO東元 99L 1級定頻單門電冰箱 R1091W, https://s.yimg.com/zp/MerchandiseImages/9BFAC9EC38-Gd-8592357.jpg
[無卡分期12期]Panasonic國際牌 650L 1級變頻2門電冰箱 NR-B659TG, https://s.yimg.com/zp/MerchandiseImages/64202D7803-SP-5832442.jpg
BOSCH博世 變頻獨立式冰箱 KGN36SW30D, https://s.yimg.com/zp/images/EA0B20F8B12EE3EFD226C54C45045DBC3473D9E1
SAMPO聲寶 95L 1級定頻單門電冰箱 SR-B10, https://s.yimg.com/zp/MerchandiseImages/14340C0473-Gd-8715035.jpg
[無卡分期-12期]HITACHI日立 443L 1級變頻2門電冰箱 RV449, https://s.yimg.com/zp/MerchandiseImages/6263C147A9-Gd-8294703.jpg
SHARP 夏普 315L 變頻雙門電冰箱 銀 SJ-GX32-SL, https://s.yimg.com/zp/MerchandiseImages/DA965CF48B-SP-7739628.jpg
LG 樂金 343公升 直驅變頻上冷藏下冷凍冰箱 GW-BF389SA, https://s.yimg.com/ut/api/res/1.2/SZOI5hkZvlCUmNtATXVoYg--~B/dz0xNjg7aD0xNjg7cT0xMDA7Zmk9Zml0O3NzPTEuMDthcHBpZD15dHdtYWxs/https://s.yimg.com/fy/415b/item/p0713206072465-item-1024xf4x1000x1000-m.jpg
SAMPO聲寶 460L 1級變頻2門電冰箱 SR-B46D(G6) 星辰灰, https://s.yimg.com/zp/MerchandiseImages/00AA9ACEAA-Gd-8195636.jpg
[無卡分期12期]HITACHI日立 569L 2級變頻6門電冰箱RKW580KJ, https://s.yimg.com/zp/MerchandiseImages/BF339A56FF-Gd-8701699.jpg
SANLUX台灣三洋 475L 1級變頻3門電冰箱 SR-C475CV1A, https://s.yimg.com/zp/MerchandiseImages/CFBEE23FB3-Product-20792640.jpg
SANLUX台灣三洋 320L 上掀式冷凍櫃 風扇式無霜 SCF-320GF, https://s.yimg.com/zp/MerchandiseImages/79C48F3793-Product-24544708.jpg
[無卡分期-12期]HITACHI日立 443L 1級變頻2門電冰箱 RG449, https://s.yimg.com/zp/MerchandiseImages/F8F80AE0E5-Gd-8294702.jpg
SANLUX台灣三洋 580L 1級變頻3門電冰箱 SR-C580CVG 采晶玻璃鏡面, https://s.yimg.com/zp/MerchandiseImages/F080ACD89D-Gd-7677630.jpg
[無卡分期-12期]HERAN禾聯 225L 1級變頻2門電冰箱 HRE-B2381V(S), https://s.yimg.com/zp/MerchandiseImages/239F765C19-Gd-7864056.jpg
TOSHIBA東芝330公升雙門變頻冰箱 GR-A370TBZ(N), https://s.yimg.com/zp/MerchandiseImages/F6DB915D18-Product-21206621.jpg
結帳9折！HERAN禾聯 344L 1級變頻2門電冰箱 HRE-B3581V(B), https://s.yimg.com/zp/MerchandiseImages/D4C053246D-Gd-7862108.jpg
SHARP 夏普 253L 變頻雙門電冰箱 SJ-GX25-SL, https://s.yimg.com/zp/MerchandiseImages/954D0C5400-SP-7936251.jpg
SONGEN松井 まつい冷暖兩用電子行動冰箱/冷藏箱/保溫箱/小冰箱(CLT-15D), https://s.yimg.com/zp/MerchandiseImages/CE6FD8BF5A-SP-7303110.jpg
[無卡分期-12期]日立 394L 1級變頻3門電冰箱 RG41BL 左開特仕版, https://s.yimg.com/zp/MerchandiseImages/2503A12444-Gd-8544182.jpg
(無卡分期-12期)HITACHI日立570L 1級變頻2門電冰箱 RG599B, https://s.yimg.com/zp/MerchandiseImages/C67FBD353D-Gd-8129507.jpg
MITSUBISHI 三菱 365L 變頻玻璃三門冰箱 MR-CGX37EN, https://s.yimg.com/zp/MerchandiseImages/7A5039AF68-SP-8307260.jpg
Panasonic國際牌579L雙門變頻冰箱 NR-B589TV-A(星耀黑), https://s.yimg.com/zp/MerchandiseImages/59C324BB62-SP-7794150.jpg
SANLUX台灣三洋 168L 2級定頻雙門電冰箱SR-C168B, https://s.yimg.com/zp/MerchandiseImages/15E0CD58BC-SP-8284000.jpg
[無卡分期12期]HITACHI日立 741L 變頻6門電冰箱 RZXC740KJ, https://s.yimg.com/zp/MerchandiseImages/1D47E2C501-Gd-8701697.jpg
SANLUX台灣三洋 480L 1級定頻2門電冰箱 SR-C480B1B, https://s.yimg.com/zp/MerchandiseImages/2D19ABD539-SP-7882267.jpg
[無卡分期-12期]國際牌 610L 1級變頻3門電冰箱 NR-C610NHGS, https://s.yimg.com/zp/MerchandiseImages/78809B8B35-SP-6204414.jpg
SANLUX台灣三洋 580L 1級變頻2門電冰箱 SR-C580BV1A, https://s.yimg.com/zp/MerchandiseImages/0E72772BE4-Gd-8635120.jpg
TOSHIBA東芝510公升雙門變頻冰箱 GR-AG55TDZ(GG), https://s.yimg.com/zp/MerchandiseImages/FB889AB6EA-Product-21553903.jpg
[限時優惠] LG樂金 253公升 1級變頻直驅雙門電冰箱 GN-L307SV 星辰銀, https://s.yimg.com/zp/MerchandiseImages/20B1592AED-Gd-8784746.jpg
TOSHIBA東芝 608L 1級變頻2門電冰箱 GR-A66T(S), https://s.yimg.com/zp/MerchandiseImages/A98174DE62-Product-22798570.jpg
MITSUBISHI三菱 605L 1級變頻6門冰箱 MR-WX61C-BR/W, https://s.yimg.com/zp/MerchandiseImages/4AA94B5B01-SP-5891677.jpg
[無卡分期-12期]HITACHI日立 407L 1級變頻5門電冰箱 RSG420J 琉璃白, https://s.yimg.com/zp/MerchandiseImages/1504B2BFF2-Gd-8804583.jpg
[無卡分期12期] LG樂金 525L 1級變頻2門電冰箱 GN-HL567SV 星辰銀, https://s.yimg.com/zp/MerchandiseImages/F69334288C-Gd-7806196.jpg
[無卡分期12期] LG樂金 496L 1級變頻2門電冰箱 GN-BL497GV 光燦金, https://s.yimg.com/zp/MerchandiseImages/B6B134589C-Gd-7806448.jpg
MITSUBISHI三菱 525L 1級變頻5門冰箱 MR-BXC53X-W/N/BR, https://s.yimg.com/zp/MerchandiseImages/A147BA8FB3-SP-5892593.jpg
[無卡分期-12期]HITACHI日立 331L 1級變頻3門電冰箱 RG36B, https://s.yimg.com/zp/MerchandiseImages/CBAC52AD5D-Gd-8226689.jpg
SANLUX台灣三洋 310L 1級定頻2門電冰箱 SR-C310B1, https://s.yimg.com/zp/MerchandiseImages/D58F7C731B-Gd-7685053.jpg
LG 樂金 525公升 變頻雙門冰箱-曜石黑 GN-HL567GB, https://s.yimg.com/ut/api/res/1.2/EWh_31fB16wG6UAS..mHIA--~B/dz0xNjg7aD0xNjg7cT0xMDA7Zmk9Zml0O3NzPTEuMDthcHBpZD15dHdtYWxs/https://s.yimg.com/fy/fed4/item/p0713206064626-item-ba0cxf4x1000x1000-m.jpg
Panasonic國際牌 601L 1級變頻6門電冰箱 NR-F604VT, https://s.yimg.com/zp/MerchandiseImages/79F0E99885-SP-6362439.jpg
MITSUBISHI 三菱 705公升 日本原裝變頻六門電冰箱 MR-WX71C-BR/F, https://s.yimg.com/zp/MerchandiseImages/680749B659-SP-7959897.jpg
LG 樂金 438公升 直驅變頻上下門冰箱-星辰銀 GI-HL450SV, https://s.yimg.com/ut/api/res/1.2/Jgxp5UhGHj8U7jCU0m74lg--~B/dz0xNjg7aD0xNjg7cT0xMDA7Zmk9Zml0O3NzPTEuMDthcHBpZD15dHdtYWxs/https://s.yimg.com/fy/001e/item/p0713205694836-item-aa62xf4x1000x1000-m.jpg
［LG 樂金］761公升 敲敲看門中門冰箱 GR-QPL88SV, https://s.yimg.com/ut/api/res/1.2/wL3ZWS8NIZcLBGlL44_wVw--~B/dz0xNjg7aD0xNjg7cT0xMDA7Zmk9Zml0O3NzPTEuMDthcHBpZD15dHdtYWxs/https://s.yimg.com/fy/77c3/item/p0713206068006-item-2799xf4x1000x1000-m.jpg
MITSUBISHI 三菱 525公升六門變頻冰箱-絹絲白 MR-JX53C-W, https://s.yimg.com/zp/MerchandiseImages/D228654CDB-SP-7960197.jpg
Panasonic國際牌 610L 1級變頻4門電冰箱 NR-D610NHGS, https://s.yimg.com/zp/MerchandiseImages/F021830992-SP-6652959.jpg
ASKO瑞典賽寧 302L 歐洲製 一級能效變頻獨立式電冰箱 RFN2386SR(右開型), https://s.yimg.com/zp/MerchandiseImages/5B816A4547-SP-8180313.jpg
SANLUX台灣三洋 528L 1級變頻3門電冰箱 SR-C528CVG, https://s.yimg.com/zp/MerchandiseImages/84D1F53780-Gd-7677632.jpg
ZANWA晶華 變頻可調溫控冷暖保溫冷藏箱CLT-12G, https://s.yimg.com/zp/MerchandiseImages/57DB88FFBB-SP-6216430.jpg
TOSHIBA東芝 608L 1級變頻2門電冰箱 GR-AG66T(X), https://s.yimg.com/zp/MerchandiseImages/DD61EAA0F8-Product-22798583.jpg
gorenje 307L 歐洲製 一級能效變頻獨立式復古型電冰箱 ONRK193R 棗紅, https://s.yimg.com/zp/MerchandiseImages/82C27B644E-SP-8180319.jpg
[無卡分期-12期]HERAN禾聯 344L 1級變頻2門電冰箱 HRE-B3581V(B), https://s.yimg.com/zp/MerchandiseImages/DF8969993F-Gd-7864057.jpg
PRINCESS荷蘭公主33L智能壓縮機行動電冰箱282898, https://s.yimg.com/zp/images/116ABCC03ED9BB3134B9301FC802F8EC0FAC824E
SANLUX 台灣三洋 168L 2級定頻雙門電冰箱 SR-C168B 含原廠配送及基本安裝, https://s.yimg.com/ut/api/res/1.2/6L7omT4UHznFw9xG5hHCgA--~B/dz0xNjg7aD0xNjg7cT0xMDA7Zmk9Zml0O3NzPTEuMDthcHBpZD15dHdtYWxs/https://s.yimg.com/fy/5ad6/item/p0439206415645-item-fd3exf4x0320x0320-m.jpg
[館長推薦]Panasonic國際牌 500L 1級變頻3門電冰箱 NR-C500NHGS-T 翡翠棕, https://s.yimg.com/zp/MerchandiseImages/5E7D719F4C-SP-8286473.jpg
SANLUX台灣三洋 102L 1級定頻雙門電冰箱SR-C102B1, https://s.yimg.com/zp/MerchandiseImages/CBECE9F223-SP-8084641.jpg
MITSUBISHI三菱 605L 1級變頻6門電冰箱 MR-JX61C 日本原裝, https://s.yimg.com/zp/MerchandiseImages/7CD27F6782-SP-6004139.jpg
(贈好禮)MITSUBISHI三菱 605L 1級變頻6門冰箱 MR-WX61C-BR/W, https://s.yimg.com/zp/MerchandiseImages/A5CE1D6F8B-Gd-8120424.jpg
Panasonic國際牌 610L 1級變頻3門電冰箱 NR-C610NHGS, https://s.yimg.com/zp/MerchandiseImages/78809B8B35-SP-6160759.jpg
MITSUBISHI三菱 525L 1級變頻6門電冰箱 MR-WX53C 日本原裝, https://s.yimg.com/zp/images/118B92E51A71A68C364FF5E05C4B4A3602E51021
MITSUBISHI三菱 525L 1級變頻6門冰箱 MR-WX53C-BR/W, https://s.yimg.com/zp/MerchandiseImages/AFD820B44A-SP-5892461.jpg
ZANWA晶華 冷熱兩用電子行動冰箱/冷藏箱/保溫箱/孵蛋機 CLT-25G, https://s.yimg.com/zp/images/6D70B71D579AE88F3258DFB284B59FBC9F0B60D9
【GE美國奇異】810L 法式三門冰箱-不鏽鋼CFE28TSSS, https://s.yimg.com/zp/MerchandiseImages/11C7908C56-Product-21552495.jpg
MITSUBISHI三菱365L玻璃鏡面三門變頻冰箱 MR-CGX37EN, https://s.yimg.com/zp/MerchandiseImages/98976F1219-SP-7923699.jpg
Frigidaire富及第 Dual-zone 12瓶裝質感雙溫酒櫃 FWC-WD12SX 贈微波爐, https://s.yimg.com/zp/MerchandiseImages/F46C2D2C6D-Product-21584150.jpg
SANLUX台灣三洋 533L 1級變頻2門電冰箱 SR-C533BV1A, https://s.yimg.com/zp/MerchandiseImages/FDC421DF30-Gd-8527329.jpg
SANLUX台灣三洋 480L 1級變頻2門電冰箱 SR-C480BV1A, https://s.yimg.com/zp/MerchandiseImages/0BF925D6CC-Gd-8300719.jpg
Panasonic國際牌 579L 玻璃雙門變頻冰箱 NR-B589TG-N(翡翠金), https://s.yimg.com/zp/MerchandiseImages/671B41E3EF-SP-8104524.jpg
Panasonic國際牌 日本原裝 600L六門變頻玻璃面板冰箱NR-F603HX-T1, https://s.yimg.com/zp/MerchandiseImages/5AF22996E1-SP-7089065.jpg
MITSUBISHI三菱 525L 1級變頻6門電冰箱 MR-WX53C 日本原裝, https://s.yimg.com/zp/MerchandiseImages/AAFEE320C7-Product-21268412.jpg
MITSUBISHI三菱 525L 1級變頻6門電冰箱 MR-JX53C 日本原裝, https://s.yimg.com/zp/MerchandiseImages/F554FCB504-SP-6004460.jpg
TOSHIBA東芝 608L 1級變頻2門電冰箱 GR-AG66T(GG), https://s.yimg.com/zp/MerchandiseImages/7F421376C9-Product-22798582.jpg
SONGEN松井 まつい雙核制冷數控電子行動冰箱/冷藏箱/保溫箱/小冰箱CLT-20L-B, https://s.yimg.com/zp/MerchandiseImages/831EA8F14D-SP-7335826.jpg
LG 樂金 821公升 WiFi門中門對開冰箱-星辰銀 GR-DL88SV, https://s.yimg.com/ut/api/res/1.2/XO4HZesFlhLkCpc7IceVcg--~B/dz0xNjg7aD0xNjg7cT0xMDA7Zmk9Zml0O3NzPTEuMDthcHBpZD15dHdtYWxs/https://s.yimg.com/fy/0ca2/item/p0713206066782-item-9d46xf4x1000x1000-m.jpg
【LG樂金耗材】上下門冰箱 空氣淨化過濾器, https://s.yimg.com/ut/api/res/1.2/A3ISDuuUs2To5T_Uc1l8aA--~B/dz0xNjg7aD0xNjg7cT0xMDA7Zmk9Zml0O3NzPTEuMDthcHBpZD15dHdtYWxs/https://s.yimg.com/fy/9284/item/p0492191517077-item-54cexf4x1200x1200-m.jpg
【LG樂金耗材】對開冰箱 濾心(內裝), https://s.yimg.com/ut/api/res/1.2/HsdYD1cr3rl3ZvIAbNFTgA--~B/dz0xNjg7aD0xNjg7cT0xMDA7Zmk9Zml0O3NzPTEuMDthcHBpZD15dHdtYWxs/https://s.yimg.com/fy/4b16/item/p0492180386673-item-7540xf4x1200x1200-m.jpg
MITSUBISHI三菱 455L 1級變頻5門冰箱 MR-BC46Z-P/W, https://s.yimg.com/zp/MerchandiseImages/37CC84DCEB-SP-5891893.jpg
LG樂金 3219JA3001P 代用3219JA3001 濾心(外接) 對開冰箱用, https://s.yimg.com/zp/MerchandiseImages/3C889F2820-SP-6327864.jpg
【LG樂金耗材】對開冰箱 濾心(外接), https://s.yimg.com/ut/api/res/1.2/2w3N0yQY4Mypmjn9JhvQMA--~B/dz0xNjg7aD0xNjg7cT0xMDA7Zmk9Zml0O3NzPTEuMDthcHBpZD15dHdtYWxs/https://s.yimg.com/fy/0029/item/p0492180387221-item-3777xf4x1200x1200-m.jpg
福利品 VINTEC 單門單溫恆溫酒櫃 Classic Series  V30SGMe, https://s.yimg.com/zp/MerchandiseImages/FD5AF9BEC8-SP-6193154.jpg
Whirlpool惠而浦 521L 上下門冰箱 WDT2525LW, https://s.yimg.com/zp/MerchandiseImages/48EC3E0711-SP-7989998.jpg
MITSUBISHI三菱 525L 1級變頻5門電冰箱 MR-BXC53X 日本原裝, https://s.yimg.com/zp/MerchandiseImages/D7D651917E-SP-6005020.jpg
MITSUBISHI三菱 605L 日本原裝 1級變頻6門電冰箱 MR-JX61C/N 玫瑰金, https://s.yimg.com/zp/MerchandiseImages/90161952FF-Product-21268705.jpg
SANLUX台灣三洋 551L 2級變頻4門電冰箱SR-C551DVF, https://s.yimg.com/zp/MerchandiseImages/FB1415A714-SP-8084192.jpg
[無卡分期-12期]HITACHI日立 460L 1級變頻2門電冰箱 RV469, https://s.yimg.com/zp/MerchandiseImages/25ED5B3B3E-Gd-8564133.jpg
LG 樂金 820公升 InstaView™ 敲敲看門中門冰箱-星辰銀 GR-QL88N, https://s.yimg.com/ut/api/res/1.2/BP9O_7NRYYGBA.G0iIaDlA--~B/dz0xNjg7aD0xNjg7cT0xMDA7Zmk9Zml0O3NzPTEuMDthcHBpZD15dHdtYWxs/https://s.yimg.com/fy/4d71/item/p0713206067777-item-c8b2xf4x1000x1000-m.jpg
Haier海爾 171瓶 電子式恆溫儲酒冰櫃 (JC-366TW), https://s.yimg.com/zp/MerchandiseImages/4B99EB976E-SP-6957024.jpg
德國LIEBHERR利勃單溫酒櫃WKb4612, https://s.yimg.com/zp/images/A78A6AF77E18B8714A076A15DBAC2BCDF8F0B8E1
SANLUX台灣三洋 533L 1級變頻2門電冰箱 SR-C533BVG 采晶玻璃鏡面, https://s.yimg.com/zp/MerchandiseImages/926AD9A77E-Gd-7677636.jpg
SANLUX台灣三洋 480L 1級變頻2門電冰箱 SR-C480BV1B, https://s.yimg.com/zp/MerchandiseImages/BF7802AAFB-Gd-8726321.jpg
KOLIN歌林 485L 1級變頻2門電冰箱 KR-248V02, https://s.yimg.com/zp/MerchandiseImages/1678B6D8A0-SP-6488125.jpg
MITSUBISHI 三菱 365L 三門變頻冰箱 MR-CGX37EN, https://s.yimg.com/zp/MerchandiseImages/FD4A1FEEC7-SP-7967940.jpg
BLOMBERG博朗格 365L 獨立型不鏽鋼電冰箱 BRFBT1312SS, https://s.yimg.com/zp/MerchandiseImages/6120888600-SP-6033941.jpg
MITSUBISHI三菱 605L 1級變頻6門電冰箱 MR-WX61C 日本原裝, https://s.yimg.com/zp/MerchandiseImages/CA60527ADE-SP-6004350.jpg
【mabe美寶】733L 對開門冰箱 - 純白MSM25HGHCWW, https://s.yimg.com/zp/MerchandiseImages/1422EFE795-SP-7394159.jpg
Haier海爾 174瓶 電子式恆溫儲酒冰櫃 (JC-398), https://s.yimg.com/zp/MerchandiseImages/193E637887-SP-6956881.jpg
MITSUBISHI三菱 365L 1級變頻3門電冰箱 MR-CGX37EN-GWH 純淨白, https://s.yimg.com/ut/api/res/1.2/K6UBLGvEFu53kDC1ftWdYQ--~B/dz0xNjg7aD0xNjg7cT0xMDA7Zmk9Zml0O3NzPTEuMDthcHBpZD15dHdtYWxs/https://s.yimg.com/fy/d236/item/p0713202514960-item-7dd2xf4x1000x1000-m.jpg
MITSUBISHI三菱 455L 1級變頻5門電冰箱 MR-BC46Z 日本原裝, https://s.yimg.com/zp/images/1960415BE7AB57EEB70B95BABB50167861E69FF9
Frigidaire富及第 Dual-zone 32瓶裝質感雙溫酒櫃 FWC-WD32SX, https://s.yimg.com/zp/MerchandiseImages/EFCEA0900E-SP-6638335.jpg
MITSUBISHI三菱 605L 1級變頻6門冰箱 MR-JX61C-RW/N/W, https://s.yimg.com/zp/MerchandiseImages/E2DDFB755F-SP-5891427.jpg
Frigidaire富及第 Seamless 不鏽鋼酒櫃154瓶裝 FWC-D154SSN 贈微波爐, https://s.yimg.com/zp/MerchandiseImages/65CAAE7B06-Product-21584146.jpg
MITSUBISHI三菱 605L 1級變頻6門電冰箱 MR-WX61C, https://s.yimg.com/zp/MerchandiseImages/7F66193EA6-SP-6326206.jpg
三菱705L日本原裝變頻六門電冰箱MR-WX71C, https://s.yimg.com/zp/MerchandiseImages/3937CE0D83-SP-7400444.jpg
MITSUBISHI 三菱 三門365L變頻玻璃鏡面冰箱 MR-CGX37EN, https://s.yimg.com/zp/MerchandiseImages/43015355AE-SP-7909606.jpg
MITSUBISHI三菱 525L 1級變頻5門電冰箱 MR-BXC53X 日本原裝, https://s.yimg.com/zp/images/C71662E62425039750DD008217746D57367F33EB
[無卡分期-12期] SANLUX台灣三洋 480L 1級變頻2門電冰箱 SR-C480BVG, https://s.yimg.com/zp/MerchandiseImages/6A5196BEEC-Gd-7811229.jpg
LG 樂金 608公升 直驅變頻上下門冰箱-夜墨黑 GR-HL600MB, https://s.yimg.com/ut/api/res/1.2/GK.YP9dbrgsfPqa__vg_qg--~B/dz0xNjg7aD0xNjg7cT0xMDA7Zmk9Zml0O3NzPTEuMDthcHBpZD15dHdtYWxs/https://s.yimg.com/fy/92b0/item/p0713206066062-item-517exf4x1000x1000-m.jpg
SANLUX台灣三洋 560L 1級變頻4門電冰箱 SR-C560DV1, https://s.yimg.com/zp/MerchandiseImages/AFCE5F7FC9-Gd-8584172.jpg
(贈好禮)MITSUBISHI三菱 605L 1級變頻6門冰箱 MR-JX61C-RW/N/W, https://s.yimg.com/zp/MerchandiseImages/E2DDFB755F-SP-6476895.jpg
(贈好禮)MITSUBISHI三菱 455L 1級變頻5門冰箱 MR-BC46Z-P/W, https://s.yimg.com/zp/MerchandiseImages/0B5B915617-SP-6480562.jpg
三菱525L日本原裝變頻六門電冰箱MR-JX53C-W, https://s.yimg.com/zp/MerchandiseImages/479A4FC685-SP-8257612.jpg
美國 富及第12瓶裝 Dual-zone雙溫酒櫃FWC-WD12SX, https://s.yimg.com/zp/MerchandiseImages/17D627B12A-SP-5986927.jpg
結帳9折！HERAN禾聯 485L 1級變頻2門電冰箱 HRE-B4822V, https://s.yimg.com/zp/MerchandiseImages/FE1893F188-Gd-7730440.jpg
HITACHI日立 570L 1級變頻2門電冰箱 RG599B 琉璃, https://s.yimg.com/zp/MerchandiseImages/C67FBD353D-Gd-8073178.jpg
MITSUBISHI三菱 525L 1級變頻6門電冰箱 MR-JX53C 日本原裝, https://s.yimg.com/zp/MerchandiseImages/D4859DF654-SP-6326764.jpg
MITSUBISHI三菱 605L 1級變頻6門電冰箱 MR-WX61C 日本原裝, https://s.yimg.com/zp/MerchandiseImages/8B3FFD00B3-Product-21268702.jpg
Haier海爾 電子式恆溫儲酒冰櫃 JC-167, https://s.yimg.com/zp/MerchandiseImages/CD23E2E5D9-SP-6956450.jpg
Frigidaire富及第 55瓶裝恆定典藏酒櫃 FWC-55N 贈微波爐, https://s.yimg.com/zp/MerchandiseImages/D2278D1779-Product-22578413.jpg
福利品 VINTEC 單門雙溫恆溫酒櫃 NOIR SERIES  V190SG2eBK, https://s.yimg.com/zp/MerchandiseImages/7510D927E7-SP-6193585.jpg
【LG樂金耗材】敲敲門冰箱 濾心(內裝), https://s.yimg.com/ut/api/res/1.2/k5Y2UW6.tG7VQf2sGLvpRQ--~B/dz0xNjg7aD0xNjg7cT0xMDA7Zmk9Zml0O3NzPTEuMDthcHBpZD15dHdtYWxs/https://s.yimg.com/fy/373e/item/p0492198146571-item-8296xf4x1200x1200-m.jpg
MITSUBISHI三菱 455L 1級變頻5門電冰箱 MR-BC46Z 日本原裝, https://s.yimg.com/zp/MerchandiseImages/1F5BC14738-Product-21268404.jpg
MITSUBISHI三菱 525L 1級變頻6門電冰箱 MR-WX53C 日本原裝, https://s.yimg.com/zp/MerchandiseImages/20E5975A5E-SP-5904309.jpg
[無卡分期-12期]HERAN禾聯 579L 1級變頻2門電冰箱 HRE-B5822V, https://s.yimg.com/zp/MerchandiseImages/3C66AF20F9-Gd-7864058.jpg
Electrolux伊萊克斯 753L 定頻3門電冰箱 EW28BS87SS, https://s.yimg.com/zp/MerchandiseImages/0491DDCB02-SP-6000762.jpg
[無卡分期-12期] SANLUX台灣三洋 533L 1級變頻2門電冰箱 SR-C533BVG, https://s.yimg.com/zp/MerchandiseImages/AB2DECB45B-Gd-7811224.jpg
MITSUBISHI三菱 605L 1級變頻6門電冰箱 MR-WX61C 日本原裝, https://s.yimg.com/zp/MerchandiseImages/F09CE92CE0-Product-21268703.jpg
MITSUBISHI三菱 605L 1級變頻6門電冰箱 MR-WX61C 日本原裝, https://s.yimg.com/zp/MerchandiseImages/20E5975A5E-SP-5904355.jpg
ZANWA晶華 便攜式冷暖兩用電子行動冰箱/冷藏箱/保溫箱(CLT-08R), https://s.yimg.com/zp/images/A31E83DA5193C9C666C0127457A9ADA0EB752280
CHIMEI奇美 560L 4級變頻3門電冰箱 UR-P56VC1, https://s.yimg.com/zp/MerchandiseImages/B97F378363-Product-23092671.jpg
Frigidaire富及第 Dual-zone 18瓶裝質感雙溫酒櫃 FWC-WD18SX, https://s.yimg.com/zp/MerchandiseImages/572D712EAD-SP-6636021.jpg
MITSUBISHI三菱 525L 1級變頻6門電冰箱 MR-WX53C 日本原裝, https://s.yimg.com/zp/MerchandiseImages/98063BE26E-SP-6004753.jpg
KOLIN歌林 579L 1級變頻2門電冰箱 KR-258V02 燦銀灰, https://s.yimg.com/zp/MerchandiseImages/2998DE8FCB-SP-6488130.jpg
MITSUBISHI三菱 605L 日本原裝 1級變頻6門電冰箱 MR-JX61C/W 白色, https://s.yimg.com/zp/MerchandiseImages/1A47A35133-Product-21268706.jpg
MITSUBISHI三菱 455L 1級變頻5門電冰箱 MR-BC46Z 日本原裝, https://s.yimg.com/zp/images/6ED22D59351484DACC3DD0DB534EDF44D76ADE2B
SHARP 夏普 551L 自動除菌離子變頻觸控左右開冰箱 星鑽紅 SJ-WX55ET-R, https://s.yimg.com/zp/MerchandiseImages/4E1CD03B2D-SP-7775330.jpg
MITSUBISHI三菱  455L 1級變頻5門電冰箱 MR-BC46Z 日本原裝, https://s.yimg.com/zp/MerchandiseImages/2BD3E8C2A9-Product-21268408.jpg
SAMPO聲寶 560公升1級變頻四門冰箱 SR-A56GDD(Y7) 琉璃金, https://s.yimg.com/zp/MerchandiseImages/567495C646-SP-8224518.jpg
MITSUBISHI三菱 455L 1級變頻5門電冰箱 MR-BC46Z 日本原裝, https://s.yimg.com/zp/MerchandiseImages/97E8F9F27A-SP-6005165.jpg
Haier海爾 31瓶 電子式雙溫恆溫儲酒冰櫃 JC-112S, https://s.yimg.com/zp/MerchandiseImages/3279CB2AD5-SP-6956729.jpg
【Kenmore美國楷模】740L 對開門冰箱-不鏽鋼 41173, https://s.yimg.com/zp/MerchandiseImages/D6AC9A0343-Product-21424347.jpg
德國LIEBHERR利勃單溫酒櫃WKb4112, https://s.yimg.com/zp/images/88123DE80AF5133ECECEAF86A386174275E9C34D
MITSUBISHI三菱 525L 1級變頻5門電冰箱 MR-BXC53X 日本原裝, https://s.yimg.com/zp/MerchandiseImages/283A1CF863-Product-21268407.jpg
MITSUBISHI三菱 525L 1級變頻6門電冰箱 MR-WX53C 日本原裝, https://s.yimg.com/zp/MerchandiseImages/30A8E5210D-Product-21268409.jpg
【mabe美寶】733L 對開門冰箱 -不鏽鋼 MSM25HSHCSS, https://s.yimg.com/zp/MerchandiseImages/F39D70E908-SP-7394877.jpg
【mabe美寶】702L 對開門冰箱-純白色 MSMF2LGFFWW, https://s.yimg.com/zp/MerchandiseImages/22A25BAFBB-SP-7183319.jpg
CHIMEI奇美 485L 1級變頻2門電冰箱 UR-P48GB1, https://s.yimg.com/zp/MerchandiseImages/FD23846960-SP-6840572.jpg
VINTEC 單門單溫酒櫃 NOIR SERIES V40SGe BK, https://s.yimg.com/zp/MerchandiseImages/1F59EF4C86-Product-18847918.jpg
【mabe美寶】702L 對開門冰箱-不鏽鋼 MSMS2LGFFSS, https://s.yimg.com/zp/MerchandiseImages/4309905985-SP-7183454.jpg
Frigidaire富及第 Dual-zone 32瓶裝質感雙溫酒櫃 FWC-WD32SX, https://s.yimg.com/zp/MerchandiseImages/4F90B4BEE8-Product-21584149.jpg
CHIMEI奇美 610L 1級變頻3門電冰箱 UR-P61VC1, https://s.yimg.com/zp/MerchandiseImages/9C33B8CCAC-SP-6840556.jpg
日本TAIGA 402L臥式冷凍櫃(全新福利品), https://s.yimg.com/zp/MerchandiseImages/C226F6D57F-SP-8244768.jpg
【GE美國奇異】733L 對開二門冰箱-純白GSS25GGWW, https://s.yimg.com/zp/MerchandiseImages/2BC5D38355-Product-22068456.jpg
【Kenmore美國楷模】740L 定頻對開門電冰箱 - 純白 41172, https://s.yimg.com/zp/MerchandiseImages/AF06D1D2C0-Product-21424348.jpg
MITSUBISHI三菱 525L 1級變頻6門電冰箱 MR-JX53C 日本原裝, https://s.yimg.com/zp/MerchandiseImages/D4449B828F-SP-5903973.jpg
MITSUBISHI三菱 525L 1級變頻5門電冰箱 MR-BXC53X 日本原裝, https://s.yimg.com/zp/MerchandiseImages/4FDB72FF6E-Product-21268405.jpg
Warrior樺利 226瓶 恆溫儲酒冰櫃 (EW-471G), https://s.yimg.com/zp/MerchandiseImages/5A166D4551-SP-7216374.jpg
ASKO瑞典賽寧 302L 歐洲製 一級能效變頻獨立式電冰箱 RFN2386SL(左開型), https://s.yimg.com/zp/MerchandiseImages/8BAFC3F6A1-SP-8180312.jpg
【GE美國奇異】702L 對開門冰箱-防指紋不銹鋼 GZS22IYNFS, https://s.yimg.com/zp/MerchandiseImages/71C90C8E37-SP-7764373.jpg
CHIMEI奇美 579L 1級變頻2門電冰箱 UR-P58VB8, https://s.yimg.com/zp/MerchandiseImages/E739AD7BDA-SP-6840564.jpg
Frigidaire富及第 Seamless 不鏽鋼酒櫃121瓶裝 FWC-120SSN 贈微波爐, https://s.yimg.com/zp/MerchandiseImages/AA7F283447-Product-21584147.jpg
MITSUBISHI三菱 605L 1級變頻6門電冰箱 MR-JX61C 日本原裝, https://s.yimg.com/zp/MerchandiseImages/7CD27F6782-SP-5904234.jpg
MITSUBISHI三菱 525L 1級變頻6門電冰箱 MR-JX53C 日本原裝, https://s.yimg.com/zp/MerchandiseImages/EF2A54C691-Product-21268701.jpg
VINTEC 單門單溫酒櫃 V40SGES3, https://s.yimg.com/zp/MerchandiseImages/798D7865D1-Product-19073872.jpg
[限時優惠] LG樂金 821L 變頻門中門電冰箱 GR-DL88W, https://s.yimg.com/zp/MerchandiseImages/51F73DEF90-Gd-8329366.jpg
SAMPO聲寶 150L上掀式冷凍櫃 SRF-151G, https://s.yimg.com/zp/MerchandiseImages/3D713FE38D-SP-8237472.jpg
【GE美國奇異】824L 法式三門冰箱-不鏽鋼PSS28KSSS, https://s.yimg.com/zp/MerchandiseImages/B70DB9D952-SP-7320695.jpg
DOMETIC雙門雙溫專業酒櫃 S40FGD, https://s.yimg.com/zp/MerchandiseImages/4EA46E71C9-Product-23706764.jpg
DOMETIC  S24G 單門單溫24瓶酒櫃 不鏽鋼系列, https://s.yimg.com/zp/MerchandiseImages/86D61851D5-SP-8003247.jpg
Haier海爾 3尺1 上掀密閉冷凍櫃 HCF-203S, https://s.yimg.com/zp/MerchandiseImages/A4E9B4483D-SP-6972094.jpg
DOMETIC  S40FGD  雙門雙溫酒櫃, https://s.yimg.com/zp/MerchandiseImages/E431F2DD9C-SP-7893003.jpg
VINTEC 單門單溫酒櫃 VWS121SCA-X, https://s.yimg.com/zp/MerchandiseImages/ED2A96FC0E-Product-24456214.jpg
VINTEC單門單溫酒櫃V155SGe S3, https://s.yimg.com/zp/MerchandiseImages/4E935C75E3-Product-23215126.jpg
丹麥Skandiluxe 106瓶 恆溫儲酒冰櫃 (W106), https://s.yimg.com/zp/MerchandiseImages/EC408A4EF5-SP-7114781.jpg
丹麥Skandiluxe 191瓶 恆溫儲酒冰櫃(W116), https://s.yimg.com/zp/MerchandiseImages/3FFD541743-SP-7114906.jpg
VINTEC 單門單溫酒櫃 VWS035SCA-X, https://s.yimg.com/zp/MerchandiseImages/768F8D0AFA-Product-24456213.jpg
TATUNG大同 205L 冷凍櫃 TR-205FR-W, https://s.yimg.com/zp/MerchandiseImages/7B00D7AE1E-Product-23372942.jpg
SANLUX台灣三洋 170L 上掀式超低溫-60°C冷凍櫃 TFS-170G, https://s.yimg.com/zp/MerchandiseImages/6B9BD98B63-Gd-7815084.jpg
Haier海爾 6尺1 上掀密閉冷凍櫃 HCF-788H, https://s.yimg.com/zp/MerchandiseImages/8C9515A2BF-SP-6972307.jpg
SHARP 夏普 502L 自動除菌離子變頻觸控左右開冰箱 星鑽紅 SJ-WX50ET-R, https://s.yimg.com/zp/MerchandiseImages/0F531505C8-SP-7739662.jpg
TATUNG大同 530L 1級變頻三門冰箱 TR-C530NVP, https://s.yimg.com/zp/MerchandiseImages/CC6A02C478-SP-8049752.jpg
VINTEC 單門雙溫恆溫酒櫃 NOIR SERIES  V190SG2eBK, https://s.yimg.com/zp/MerchandiseImages/C0E1466D1F-Product-18847914.jpg
【Mabe 美寶】薄型對開門冰箱(ORGS2DBHFSS), https://s.yimg.com/zp/MerchandiseImages/B122AC678F-SP-8298341.jpg
【GE美國奇異】584L上下門冰箱-不鏽鋼 GTS21FSSS, https://s.yimg.com/zp/MerchandiseImages/6BCA737D98-SP-7656854.jpg
VINTEC 單門單溫酒櫃 VWS048SCA-X, https://s.yimg.com/zp/MerchandiseImages/54AF781E9B-Product-24456216.jpg
【美國楷模Kenmore】707L 上下門冰箱-不鏽鋼 68033, https://s.yimg.com/zp/MerchandiseImages/D23FBAE62F-Product-21424349.jpg
【GE 奇異】584L 上下門冰箱(純白 GTS21FGWW), https://s.yimg.com/zp/MerchandiseImages/606EDB0361-SP-7657269.jpg
【Kenmore美國楷模】584L 上下門冰箱-純白色 60212, https://s.yimg.com/zp/MerchandiseImages/65CBC97A36-SP-6912016.jpg
日本TAIGA 562L臥式冷凍櫃(全新福利品), https://s.yimg.com/zp/MerchandiseImages/0E1FF74040-SP-8244801.jpg
法國名望 VinVautz Grand Cru 46瓶裝酒櫃 VZ46BT / VZ-46BT, https://s.yimg.com/zp/MerchandiseImages/EBFE3D7E6B-SP-6999242.jpg
Hiron海容 2尺7 平面玻璃推拉冷凍櫃 (HSD-258), https://s.yimg.com/zp/MerchandiseImages/5A2E7E7C4E-SP-7305575.jpg
SANLUX台灣三洋 602L 上掀式冷凍櫃 SCF-602T, https://s.yimg.com/zp/MerchandiseImages/B60678A4C3-Product-21093507.jpg
SANLUX台灣三洋 261L 上掀式冷凍櫃 SCF-261W, https://s.yimg.com/zp/MerchandiseImages/FE15577A81-Product-20792632.jpg
VINTEC 單門單溫酒櫃 VWS165SCA-X, https://s.yimg.com/zp/MerchandiseImages/ED7E6F6FF8-Product-24456215.jpg
台灣三洋 SANLUX 207L上掀式冷凍櫃 SCF-207W, https://s.yimg.com/ut/api/res/1.2/IQAI_hEqMsJSu2O7VCgplw--~B/dz0xNjg7aD0xNjg7cT0xMDA7Zmk9Zml0O3NzPTEuMDthcHBpZD15dHdtYWxs/https://s.yimg.com/fy/6beb/item/p0439187694242-item-2d91xf4x1000x1000-m.jpg
SANLUX台灣三洋 100L 上掀式超低溫-60°C冷凍櫃 TFS-100G, https://s.yimg.com/zp/MerchandiseImages/B49F0AEA54-Gd-7071007.jpg
Haier 海爾 429公升上掀密閉冷凍櫃HCF-478, https://s.yimg.com/zp/MerchandiseImages/224D7ABC70-SP-5952694.jpg
SANLUX台灣三洋 386L 上掀式冷凍櫃 風扇式無霜 SCF-386GF, https://s.yimg.com/zp/MerchandiseImages/7400926AE9-Product-24611427.jpg
[無卡分期-12期]HITACHI日立 615L 1級變頻6門電冰箱 RSF62J, https://s.yimg.com/zp/MerchandiseImages/A937D3621E-Gd-7830066.jpg
SANLUX台灣三洋 250L 上掀式超低溫-60°C冷凍櫃 TFS-250G, https://s.yimg.com/zp/MerchandiseImages/2B9B650EF8-Gd-8073129.jpg
KOLIN歌林 200L 臥式冷凍櫃 KR-120F02 瑭瓷白, https://s.yimg.com/zp/MerchandiseImages/5C1D340912-SP-5928146.jpg
SANLUX台灣三洋 186L 上掀式冷凍櫃 風扇式無霜 SCF-186GF, https://s.yimg.com/zp/MerchandiseImages/D1A96EE134-Product-24544709.jpg
德國利勃LIEBHERR 6尺3 上掀密閉冷凍櫃520L (EFL-6005), https://s.yimg.com/zp/MerchandiseImages/28585483F3-SP-7216113.jpg
德國利勃LIEBHERR 2尺8 玻璃推拉冷凍櫃163L (EFE-2202), https://s.yimg.com/zp/MerchandiseImages/247F9365E4-SP-6996274.jpg
德國利勃LIEBHERR 2呎8 上掀密閉冷凍櫃193L (EFL-2105), https://s.yimg.com/zp/MerchandiseImages/63B4A4F3D3-Product-23340796.jpg
德國利勃LIEBHERR 3尺4 弧型玻璃推拉冷凍櫃270L(EFI-2753)附LED燈, https://s.yimg.com/zp/MerchandiseImages/6769B85D6F-SP-6997335.jpg
Haier 海爾 319公升上掀密閉冷凍櫃HCF-368, https://s.yimg.com/zp/MerchandiseImages/0D9409B10C-SP-5952639.jpg
LG 樂金 393公升 直驅變頻上下門冰箱 GN-BL430GB, https://s.yimg.com/ut/api/res/1.2/27aDeP_Ex.0Mh5PKCXS5lQ--~B/dz0xNjg7aD0xNjg7cT0xMDA7Zmk9Zml0O3NzPTEuMDthcHBpZD15dHdtYWxs/https://s.yimg.com/fy/dc40/item/p0713205693063-item-2130xf4x1000x1000-m.jpg
SANLUX台灣三洋 414L 上掀式冷凍櫃 SCF-415W, https://s.yimg.com/zp/MerchandiseImages/6D8AE8E048-Product-21093508.jpg
JCM 3尺1 超低温冷凍櫃 176公升 (DW-60W176), https://s.yimg.com/zp/MerchandiseImages/67BD62C20F-SP-7038972.jpg
MITSUBISHI三菱 525L 1級變頻6門電冰箱 MR-JX53C-W 絹絲白, https://s.yimg.com/ut/api/res/1.2/FQd.iWL_IYHs8uRILMGnjg--~B/dz0xNjg7aD0xNjg7cT0xMDA7Zmk9Zml0O3NzPTEuMDthcHBpZD15dHdtYWxs/https://s.yimg.com/fy/b656/item/p0713202513212-item-37bdxf4x1000x1000-m.jpg
[無卡分期-12期] SANLUX台灣三洋 602L 上掀式冷凍櫃 SCF-602T, https://s.yimg.com/zp/MerchandiseImages/C89EB96870-Gd-7811232.jpg
Haier 海爾 519公升上掀密閉冷凍櫃HCF-588, https://s.yimg.com/zp/MerchandiseImages/7ED8A7615C-SP-5952720.jpg
Warrior 樺利 2尺 單門吧台冷藏櫃(BBS-130H), https://s.yimg.com/zp/MerchandiseImages/916F9E5F06-SP-7125328.jpg
SANLUX台灣三洋 515L 上掀式冷凍櫃 SCF-515W, https://s.yimg.com/zp/MerchandiseImages/0D43CCED42-Product-22382667.jpg
JCM 4尺9 超低温冷凍櫃 336公升 (DW-60W336), https://s.yimg.com/zp/MerchandiseImages/2411EB3E57-SP-7039024.jpg
德國利勃LIEBHERR 3尺4 玻璃推拉冷凍櫃286L (EFE-2802), https://s.yimg.com/zp/MerchandiseImages/A9309ED1E9-SP-7215625.jpg
Haier 海爾142公升上掀密閉冷凍櫃HCF-142, https://s.yimg.com/zp/MerchandiseImages/934B904F1F-SP-5951350.jpg
德國利勃LIEBHERR 4尺2 玻璃推拉冷凍櫃280L (EFE-3802), https://s.yimg.com/zp/MerchandiseImages/7453F3E0F6-SP-6996443.jpg
JCM 3尺8 超低温冷凍櫃 236公升 (DW-60W236), https://s.yimg.com/zp/MerchandiseImages/A6816E367A-SP-7038999.jpg
德國利勃LIEBHERR 3尺4 弧型玻璃推拉冷凍櫃270L(EFI-2703), https://s.yimg.com/zp/MerchandiseImages/AD173A4448-SP-6997084.jpg
德國利勃LIEBHERR 4尺9 弧型玻璃推拉冷凍櫃303L(EFI-4453)附LED燈, https://s.yimg.com/zp/MerchandiseImages/B7B9B5ED77-SP-6996355.jpg
Hiron海容 6尺 上掀密閉臥冷凍櫃 (HBD-658), https://s.yimg.com/zp/MerchandiseImages/E54C44A05A-SP-7001510.jpg
DOMETIC 單門雙溫恆溫專業酒櫃 S17G, https://s.yimg.com/zp/MerchandiseImages/BAE93D534B-Product-19224714.jpg
德國利勃LIEBHERR 5尺 弧型玻璃推拉冷凍櫃412L(EFI-4153)附LED燈, https://s.yimg.com/zp/MerchandiseImages/5AF3AB3495-SP-7303808.jpg
SAMPO聲寶 70L 電子冷藏小冰箱 KR-UA70C 福利品, https://s.yimg.com/zp/MerchandiseImages/43B2B6FFD8-SP-7158346.jpg
Panasonic國際牌 422L 1級變頻2門電冰箱 NR-B429TG, https://s.yimg.com/zp/MerchandiseImages/7DCB92D5FC-Gd-7529589.jpg
TECO東元 477L 1級變頻3門電冰箱 R4765VXLH, https://s.yimg.com/zp/MerchandiseImages/854AE50EED-Product-21670264.jpg
SAMPO聲寶 50L 電子式冷藏箱電冰箱 KR-UB50D﻿, https://s.yimg.com/zp/MerchandiseImages/55CE7677B8-SP-6733205.jpg
SAMPO聲寶 390L 直立無霜冷凍櫃 SRF-390F, https://s.yimg.com/zp/MerchandiseImages/66E62F51EE-Gd-7519642.jpg
SAMPO聲寶 70L 電子冷藏小冰箱 KR-UA70C, https://s.yimg.com/zp/images/6A9F20BA04731EF1B989EFB3D152B504B179A515
TECO 東元 610公升 一級能效變頻雙門冰箱 (R6191XH), https://s.yimg.com/zp/MerchandiseImages/7F4DF45A6B-SP-8008129.jpg
SAMPO聲寶 530L 1級變頻3門電冰箱 SR-B53DV(Y6) 香檳銀, https://s.yimg.com/zp/MerchandiseImages/1B7886EEAF-Gd-8094229.jpg
SAMPO聲寶 95L 2級定頻單門電冰箱 SR-A10, https://s.yimg.com/zp/images/042C8F0930DEE2D726B638703104B9E5FB2CE66A
ZANWA晶華 冷熱兩用電子行動冰箱/冷藏箱CLT-22B 全新福利品(機身稍微瑕疵), https://s.yimg.com/zp/images/43A5D15FFBB2E8CAFE7C6EEF8FCD524A2F8F29B3
LG樂金 821L 變頻門中門電冰箱 GR-DL88W, https://s.yimg.com/zp/MerchandiseImages/51F73DEF90-Gd-7961585.jpg
TECO東元 610L 1級變頻3門電冰箱 R6181VXHS, https://s.yimg.com/zp/MerchandiseImages/2850110D50-Gd-7875372.jpg
LG樂金 525L 1級變頻2門電冰箱 GN-HL567GB 曜石黑, https://s.yimg.com/zp/MerchandiseImages/A7976F7E9E-Gd-7536531.jpg
SAMPO聲寶 530L 1級變頻3門電冰箱 SR-A53GDV(R7) 琉璃棕, https://s.yimg.com/zp/MerchandiseImages/4BAC373803-Gd-7592688.jpg
SAMPO聲寶 100L 1級定頻2門電冰箱 SR-A11G, https://s.yimg.com/zp/MerchandiseImages/3EBD90373D-Gd-7587632.jpg
LG樂金 820L 變頻 敲敲門 門中門冰箱 GR-QL88N 精緻銀, https://s.yimg.com/zp/MerchandiseImages/0184845D8C-SP-6153074.jpg
TECO東元 138L 上掀式冷凍櫃 RL1417W, https://s.yimg.com/zp/MerchandiseImages/5694C4681C-Gd-7903582.jpg
[館長推薦] LG樂金 253公升 1級變頻直驅雙門電冰箱 GN-L307C 星曜藍, https://s.yimg.com/zp/MerchandiseImages/7FA5B57C32-Gd-8394278.jpg
SAMPO聲寶 71L 2級定頻單門電冰箱 SR-A07, https://s.yimg.com/zp/images/D1C077B5016C692F8E4D435D90E6428F566D1F6E
Panasonic國際牌 610L 1級變頻3門電冰箱 NR-C610NHGS 玻璃面板, https://s.yimg.com/zp/MerchandiseImages/C2066A2A2F-SP-6191268.jpg
SAMPO聲寶 250L 1級變頻2門電冰箱 SR-A25D(G) 星辰灰, https://s.yimg.com/zp/MerchandiseImages/250A49839C-Gd-8715034.jpg
SANLUX台灣三洋 181L 直立式冷凍櫃 SCR-181A3, https://s.yimg.com/zp/MerchandiseImages/FA5CC491AC-Product-23847736.jpg
LG樂金 393L 2級變頻2門電冰箱 GN-BL418SV 星辰銀, https://s.yimg.com/zp/MerchandiseImages/E78FF0D7C8-Gd-7868508.jpg
SAMPO聲寶 455L 2級變頻3門電冰箱 SR-A46DV(Y2) 炫麥金, https://s.yimg.com/zp/MerchandiseImages/DE7EF47C4A-Gd-7621052.jpg
SANLUX台灣三洋 250L 直立式冷凍櫃 SCR-250F, https://s.yimg.com/zp/MerchandiseImages/31AFDBCE3D-Product-21460371.jpg
SANLUX台灣三洋 560L 1級變頻4門電冰箱 SR-C560DVG, https://s.yimg.com/zp/MerchandiseImages/64273A1AC0-Gd-7677631.jpg
[無卡分期-12期]HITACHI日立 741L 6門電冰箱 RX740HJ, https://s.yimg.com/zp/MerchandiseImages/BA1334F2E0-Gd-7978893.jpg
SAMPO聲寶 580L 1級變頻3門電冰箱 SR-A58DV(R6) 紫燦銀, https://s.yimg.com/zp/MerchandiseImages/A4B4446B1C-Gd-7581249.jpg
SAMSUNG 三星 901L 四門對開 RF905VELAWZ/TW 【展示出清】, https://s.yimg.com/zp/MerchandiseImages/6CFB3EF0A8-SP-7782722.jpg
[限時優惠] LG樂金 315公升 1級變頻直驅雙門電冰箱 GN-L397C 星曜藍, https://s.yimg.com/zp/MerchandiseImages/584BFAD945-Gd-8784748.jpg
MITSUBISHI三菱 525L 1級變頻6門冰箱 MR-JX53C-N, https://s.yimg.com/zp/MerchandiseImages/BC47EF5F95-SP-5892364.jpg
【美國奇異GE】數位溫控飲料/紅酒櫃(GVS04BDSS), https://s.yimg.com/zp/MerchandiseImages/FD28D660D0-SP-7914915.jpg
HITACHI日立 403L 1級變頻2門電冰箱 RV409, https://s.yimg.com/zp/MerchandiseImages/E7EB3CB8BF-Gd-8291823.jpg
LG樂金 208L 1級變頻2門電冰箱 GN-L297SV 精緻銀, https://s.yimg.com/zp/MerchandiseImages/DA37DEA59D-Gd-7320242.jpg
SAMPO聲寶 47L 2級定頻單門電冰箱 SR-A05, https://s.yimg.com/zp/images/0B689BF340C75638055A79A62574FC3303A0645A
LG樂金 820L 變頻 敲敲門 門中門冰箱 GR-QL88N 精緻銀, https://s.yimg.com/zp/MerchandiseImages/0184845D8C-SP-6153074.jpg
[限時優惠] LG樂金 315公升 1級變頻直驅雙門電冰箱 GN-L397SV 星辰銀, https://s.yimg.com/zp/MerchandiseImages/8A4F779B52-Gd-8784747.jpg
SAMPO聲寶 530L 1級變頻3門電冰箱 SR-A53GDV(R7) 琉璃棕, https://s.yimg.com/zp/MerchandiseImages/DADCC82B89-Gd-7581242.jpg
SMAPO 聲寶 200L 上掀式冷凍櫃 SRF-201G, https://s.yimg.com/zp/MerchandiseImages/F01024F640-SP-8130007.jpg
HERAN禾聯 150L 上掀式冷凍櫃 HFZ-1562, https://s.yimg.com/zp/MerchandiseImages/9EAAF1CEC2-SP-8332621.jpg
TECO東元 330L 1級變頻2門電冰箱 R3501XHS, https://s.yimg.com/zp/MerchandiseImages/CB58AB2D2E-Product-23429640.jpg
SAMPO聲寶 50L 電子式冷藏箱電冰箱 KR-UB50D, https://s.yimg.com/zp/MerchandiseImages/E8944563C9-SP-7979060.jpg
ZANWA晶華 冷熱兩用電子行動冰箱/化妝品冷藏箱/保溫箱 CLT-16W, https://s.yimg.com/zp/images/F7175F8679563CBE282834DAC6E4358420174BC0
SHARP 夏普 502L 自動除菌離子變頻觸控對開冰箱 星鑽白 SJ-GX50ET-W, https://s.yimg.com/zp/MerchandiseImages/6CF8F51444-SP-7775352.jpg
TATUNG大同 540L 1級變頻2門對開冰箱 TR-S540NVH-CG, https://s.yimg.com/zp/MerchandiseImages/A15870C4ED-Product-23464344.jpg
Panasonic國際牌 366公升一級能效雙門變頻電冰箱 NR-B370TV-S1星耀金, https://s.yimg.com/zp/MerchandiseImages/1A2C23F302-SP-8252978.jpg
富及第121瓶裝Seamless不鏽鋼酒櫃FWC-120SSN, https://s.yimg.com/zp/MerchandiseImages/94A27BD91D-SP-5988144.jpg
TATUNG大同 380L 自由配冷藏電冰箱 TR-380HRLW-SS, https://s.yimg.com/zp/MerchandiseImages/79371567CE-Product-23372945.jpg
[無卡分期-12期]HITACHI日立 481L 6門電冰箱 RSF48HJ, https://s.yimg.com/zp/MerchandiseImages/92347074EB-Gd-7979010.jpg
日本TAIGA 200L直立式冷凍櫃, https://s.yimg.com/zp/MerchandiseImages/6DA33FF185-SP-7784920.jpg
TATUNG大同 400L 冷藏櫃 TR-400NR-W, https://s.yimg.com/zp/MerchandiseImages/6C6F13BCC2-Product-23372939.jpg
KOLIN 歌林 98L臥式冷藏/冷凍二用冰櫃 KR-110F06(白)上掀式玻璃上蓋 含基本運送, https://s.yimg.com/zp/MerchandiseImages/9ABBE592F7-Product-24835366.jpg
SHARP 夏普 551L 自動除菌離子變頻觸控對開冰箱 星鑽白SJ-GX55ET-W, https://s.yimg.com/zp/MerchandiseImages/4CEA7018CE-SP-7775382.jpg
SAMPO聲寶 170L 直立無霜冷凍櫃 SRF-170F 白色 福利品, https://s.yimg.com/zp/MerchandiseImages/5DD33DB8E0-SP-6862230.jpg
SAMPO 聲寶 580公升一級能效全平面鋼板系列變頻三門冰箱 SR-B58DV(Y6) 香檳銀, https://s.yimg.com/zp/MerchandiseImages/AF84627B56-SP-8219134.jpg
日本TAIGA 402L臥式冷凍櫃, https://s.yimg.com/zp/MerchandiseImages/C226F6D57F-SP-7785272.jpg
日本TAIGA 230L直立式冷凍櫃(全新福利品), https://s.yimg.com/zp/MerchandiseImages/0E2E0D1C86-SP-8191662.jpg
[館長推薦] Panasonic國際牌 232公升 3級定頻雙門電冰箱 NR-B239T-R 亮彩金, https://s.yimg.com/zp/MerchandiseImages/DFDB4F8637-Gd-8220705.jpg
MITSUBISHI 三菱 376公升 泰製雙門變頻冰箱-純淨白 MR-FX37EN-GWH, https://s.yimg.com/zp/MerchandiseImages/732C788F26-SP-7961514.jpg
SAMPO聲寶 250L 2級定頻2門電冰箱 SR-B25G 不銹鋼色﻿, https://s.yimg.com/zp/MerchandiseImages/7CDE7C1C00-Gd-8195135.jpg
美國 富及第8瓶裝酒櫃 紅酒櫃 金屬層架FWC-8SX, https://s.yimg.com/zp/MerchandiseImages/8E27CEDD09-SP-5987202.jpg
DOMETIC 臥式冷凍櫃 DF-1451, https://s.yimg.com/zp/MerchandiseImages/B6FAD3FAFA-SP-7740653.jpg
Frigidaire富及第 260L 低溫無霜冷凍櫃  (冷凍櫃無法參與節能補助) 福利品, https://s.yimg.com/zp/MerchandiseImages/C7BDB4B40D-Product-24696913.jpg
SAMPO聲寶 48L 電子冷藏小冰箱 KR-UA48C 福利品, https://s.yimg.com/zp/MerchandiseImages/26AF4F47C0-SP-7157904.jpg
日本TAIGA 252L臥式冷凍櫃, https://s.yimg.com/zp/MerchandiseImages/C01C6337BC-SP-7785107.jpg
福利品 DOMETIC 單門雙溫恆溫專業酒櫃 S46G, https://s.yimg.com/zp/MerchandiseImages/54352CAEF8-SP-6192805.jpg
SAMPO聲寶 170L 直立式無霜冷凍櫃 SRF-171F 髮絲銀, https://s.yimg.com/zp/MerchandiseImages/99D47E2D47-Gd-8715033.jpg
(福利品) 華菱HAWRIN 168L 直立式冷凍櫃 HPBD-168WY 右開, https://s.yimg.com/zp/MerchandiseImages/E849766660-SP-8176543.jpg
福利品-DOMETIC單門雙溫專業酒櫃 S16FG, https://s.yimg.com/zp/MerchandiseImages/D044A5235E-SP-7090202.jpg
SHARP 夏普 502L 自動除菌離子變頻觸控對開冰箱 星鑽紅 SJ-GX50ET-R, https://s.yimg.com/zp/MerchandiseImages/2BD728F2F5-SP-7775347.jpg
Whirlpool惠而浦 570L上下門冰箱 WIT2590G(含基本安裝), https://s.yimg.com/zp/MerchandiseImages/01B5DBE56F-Gd-7475440.jpg
DOMETIC 145L 臥式冷凍櫃 DF-145, https://s.yimg.com/zp/MerchandiseImages/4880706F35-Product-20126149.jpg
TATUNG大同 530L 1級變頻2門電冰箱 TR-B530VD-RS, https://s.yimg.com/zp/MerchandiseImages/06E58E15EE-Product-23366368.jpg
TATUNG大同 263L 4級定頻2門電冰箱 TR-B263HTW-S, https://s.yimg.com/zp/MerchandiseImages/561F3F2224-SP-5818201.jpg
TATUNG大同 140L 2級定頻2門電冰箱 TR-B140S-AG 琥珀金, https://s.yimg.com/zp/MerchandiseImages/3A9CA18D3C-Product-21422632.jpg
美國Frigidaire富及第 280L 商用等級冷藏冷凍櫃 FRT-2801KZR, https://s.yimg.com/zp/MerchandiseImages/125B2C5E87-Product-21668508.jpg
TECO東元 543L 1級變頻3門電冰箱 R5552VXLH, https://s.yimg.com/zp/MerchandiseImages/293BEF6AE1-Gd-7875370.jpg
DOMETIC 200L 臥式冷凍櫃 DF-200, https://s.yimg.com/zp/MerchandiseImages/28B1A316F6-Product-20126148.jpg
福利品 DOMETIC 單門雙溫恆溫專業酒櫃 S17G, https://s.yimg.com/zp/MerchandiseImages/25AB4CB739-SP-6192685.jpg
MITSUBISHI 三菱 二門376L一級能變頻冰箱 MR-FX37EN, https://s.yimg.com/zp/MerchandiseImages/ED0EA054F9-SP-7857831.jpg
日本TAIGA 230L直立式冷凍櫃, https://s.yimg.com/zp/MerchandiseImages/0E2E0D1C86-SP-7784950.jpg
MITSUBISHI三菱 605L 日本原裝 1級變頻6門電冰箱 MR-JX61C/RW 黑色, https://s.yimg.com/zp/MerchandiseImages/94CB7D59C4-Product-21268704.jpg
TATUNG大同 580L 1級變頻三門冰箱 TR-C580VP-AG, https://s.yimg.com/zp/MerchandiseImages/803D7A0892-SP-8050159.jpg
德國LIEBHERR利勃 單溫酒櫃 WKb1712, https://s.yimg.com/zp/images/5FE94916A8900002439110AED0FE6DE583DA6BDD
SMAPO 聲寶 297L 上掀式冷凍櫃 SRF-302, https://s.yimg.com/zp/MerchandiseImages/4DB6759AA7-SP-8130117.jpg
福利品 SAMPO聲寶 530L 1級變頻3門電冰箱 SR-B53DV(R9) 琥珀棕, https://s.yimg.com/zp/MerchandiseImages/DCF3737D5E-SP-7546839.jpg
福利品-TATUNG大同 100L單門冷藏冰箱 TR-100HN-S, https://s.yimg.com/zp/MerchandiseImages/20A06C44A2-SP-7924236.jpg
HAWRIN華菱 168L 直立式冷凍櫃 HPBD-168WY 右開, https://s.yimg.com/zp/MerchandiseImages/2CFD6C9763-SP-6556747.jpg
SHARP 夏普 551L 自動除菌離子變頻觸控左右開冰箱 星鑽白 SJ-WX55ET-W, https://s.yimg.com/zp/MerchandiseImages/9F8B2142A2-SP-7775337.jpg
Frigidaire富及第 90L 1級定頻2門電冰箱 FRT-0908M, https://s.yimg.com/zp/MerchandiseImages/608F0C0ECA-SP-5986684.jpg
日本TAIGA 230L直立式冷凍櫃(全新福利品/限量3台), https://s.yimg.com/zp/MerchandiseImages/D0CF0E9420-SP-6470491.jpg
福利品-Frigidaire富及第 1級定頻2門電冰箱 「節能補助」退貨物稅, https://s.yimg.com/zp/MerchandiseImages/F3350AD9C1-Product-21101836.jpg
福利品-SAMPO聲寶 250L 1級變頻2門電冰箱 SR-A25D(Y2) 炫麥金, https://s.yimg.com/zp/MerchandiseImages/F9DCD82490-SP-8296165.jpg
華菱 168公升直立式冷凍冰櫃 HPBD-168WY, https://s.yimg.com/zp/images/E621D5D6D3023D1D5E658232831BE486E0ACE22B
福利品 SAMPO聲寶 560L 1級變頻4門電冰箱 SR-A56GDD(R7) 琉璃棕﻿, https://s.yimg.com/zp/MerchandiseImages/67438A5E79-Gd-8142757.jpg
日本TAIGA 212L臥式冷凍櫃, https://s.yimg.com/zp/MerchandiseImages/6EE4523F34-SP-7785081.jpg
TATUNG大同 270L 自由配冷凍電冰箱 TR-270HFR-SS, https://s.yimg.com/zp/MerchandiseImages/FA4057C5A0-Product-23372944.jpg
Panasonic國際牌 500L 1級變頻4門電冰箱 NR-D500NHGS 玻璃面板, https://s.yimg.com/zp/MerchandiseImages/4C785C1F85-SP-6191383.jpg
TATUNG大同 330L 冷藏櫃 TR-330NR-W, https://s.yimg.com/zp/MerchandiseImages/F7AEA0E68E-Product-23372940.jpg
TATUNG大同 310L 1級變頻2門電冰箱 TR-B310NVI-HS, https://s.yimg.com/zp/MerchandiseImages/C19CF25CB5-Product-22107847.jpg
Frigidaire富及第 90L 定頻2門電冰箱 FRT-0906M, https://s.yimg.com/zp/MerchandiseImages/BBAB9A9CA3-SP-6161238.jpg
【福利品】SAMPO聲寶 50L 電子式冷藏箱電冰箱 KR-UB50D, https://s.yimg.com/zp/MerchandiseImages/E8944563C9-SP-8022010.jpg
(福利品) 華菱HAWRIN 168L 直立式冷凍櫃 HPBD-168WY, https://s.yimg.com/zp/MerchandiseImages/E849766660-SP-8175523.jpg
TATUNG大同 650L 自由配冷藏冷凍電冰箱 TR-380HRLW+TR-270HFR, https://s.yimg.com/zp/MerchandiseImages/CC36F7E9CE-Product-23372943.jpg
TATUNG大同 480L 1級變頻2門電冰箱 TR-B480VD-RS, https://s.yimg.com/zp/MerchandiseImages/06E58E15EE-Product-22107828.jpg
富及第 90L雙門小冰箱 FRT-0904M  白, https://s.yimg.com/zp/MerchandiseImages/41181883B0-SP-7349176.jpg
SHARP 夏普 551L 自動除菌離子變頻觸控對開冰箱 星鑽紅 SJ-GX55ET-R, https://s.yimg.com/zp/MerchandiseImages/C8A0E0BAD7-SP-7775362.jpg
TATUNG大同 158L 直立式冷凍櫃 TR-158SFH-TS, https://s.yimg.com/zp/MerchandiseImages/3B117D48E6-SP-8050525.jpg
(福利品) 華菱HAWRIN 220L 直立式冷凍冰櫃 HPBD-220WY, https://s.yimg.com/zp/MerchandiseImages/E849766660-SP-8186008.jpg
SHARP 夏普 502L 自動除菌離子變頻觸控左右開冰箱 星鑽白 SJ-WX50ET-W, https://s.yimg.com/zp/MerchandiseImages/49DA55C544-SP-7775317.jpg
日本TAIGA 310L臥式冷凍櫃, https://s.yimg.com/zp/MerchandiseImages/FD241421B1-SP-7785239.jpg
德國利勃LIEBHERR 4尺2 弧型玻璃推拉冷凍櫃250L(EFI-3553)附LED燈, https://s.yimg.com/zp/MerchandiseImages/49B81CF68A-SP-6996586.jpg
MITSUBISHI 三菱 376L 泰製雙門變頻冰箱 MR-FX37EN, https://s.yimg.com/zp/MerchandiseImages/4770F11B23-SP-7967752.jpg
KOLIN歌林 100L 臥式冷冰櫃 KR-110F03 蘋果綠, https://s.yimg.com/zp/MerchandiseImages/DFC7B1AEED-SP-5927725.jpg
DOMETIC 臥式冷凍櫃 DF-1001, https://s.yimg.com/zp/MerchandiseImages/EAF9399052-Product-20126150.jpg
TATUNG大同 101L 3級單門電冰箱 TR-101GTW-W, https://s.yimg.com/zp/MerchandiseImages/FAA28E9128-SP-8047904.jpg
(福利品) 華菱HAWRIN 250L 直立式冷凍櫃 HPBD-250WY, https://s.yimg.com/zp/MerchandiseImages/C39477FC12-SP-8175813.jpg
TECO東元 480L 1級變頻2門電冰箱 R4892XHK, https://s.yimg.com/zp/MerchandiseImages/0C9ADDA12A-Product-21670269.jpg
